id,Tên bác sĩ,Chuyên môn,Tóm tắt,Thông tin chính,Link
doctor_bs-ckii-nguyen-canh-toan,BS.CKII. Nguyễn Cảnh Toàn,Quyền Trưởng khoa Hồi sức tích cực,"Nguyễn Cảnh Toàn là chuyên gia có gần 15 năm kinh nghiệm trong lĩnh vực Hồi sức Cấp cứu và Hồi sức tích cực (ICU). Bác sĩ Toàn chuyên xử trí các ca bệnh nặng, đòi hỏi sự can thiệp chuyên sâu và phối hợp đa chuyên khoa phức tạp. Bác sĩ Toàn tốt nghiệp Bác sĩ Đa khoa tại Học viện Quân Y năm 2012 và có định hướng phát triển chuyên sâu trong lĩnh vực hồi sức nên bác sĩ tiếp tục hoàn thành chương trình Chuyên khoa I Hồi sức Cấp cứu – Chống độc tại Đại học Y khoa Phạm Ngọc Thạch vào năm 2020 và sau đó là tốt nghiệp Chuyên khoa II về Tổ chức và Quản lý Y tế năm 2023.","Nguyễn Cảnh Toàn là chuyên gia có gần 15 năm kinh nghiệm trong lĩnh vực Hồi sức Cấp cứu và Hồi sức tích cực (ICU). | Bác sĩ Toàn chuyên xử trí các ca bệnh nặng, đòi hỏi sự can thiệp chuyên sâu và phối hợp đa chuyên khoa phức tạp. | Bác sĩ Toàn tốt nghiệp Bác sĩ Đa khoa tại Học viện Quân Y năm 2012 và có định hướng phát triển chuyên sâu trong lĩnh vực hồi sức nên bác sĩ tiếp tục hoàn thành chương trình Chuyên khoa I Hồi sức Cấp cứu – Chống độc tại Đại học Y khoa Phạm Ngọc Thạch vào năm 2020 và sau đó là tốt nghiệp Chuyên khoa II về Tổ chức và Quản lý Y tế năm 2023. | Trước khi công tác tại Bệnh viện Đa khoa Quốc tế Hạnh Phúc với vai trò Quyền Trưởng khoa Hồi sức tích cực, Bác sĩ Cảnh Toàn đã trực tiếp điều trị và giữ vai trò quản lý chuyên môn tại nhiều cơ sở y tế lớn. | Bác sĩ từng công tác tại Bệnh viện Đa khoa tỉnh Bình Dương, sau đó đảm nhiệm Trưởng khoa hồi sức cấp cứu tại Bệnh viện Hoàn Mỹ Bình Phước và Trưởng khoa Khám bệnh – Cấp cứu tại Bệnh viện Đại học Y Tân Tạo. | Hồi sức cấp cứu và hồi sức tích cực cho các trường hợp bệnh nặng | Chăm sóc và điều trị người bệnh sau cấp cứu, sau phẫu thuật | Phối hợp đa chuyên khoa trong các ca bệnh phức tạp, nguy cơ cao",https://www.hanhphuchospital.com/bac-si/bs-ckii-nguyen-canh-toan/
doctor_bs-cki-hoang-ngoc-hai,BS.CKI. Hoàng Ngọc Hải,Phó khoa Sản – Phụ khoa,"Bác sĩ Hoàng Ngọc Hải là chuyên gia có hơn 23 năm kinh nghiệm trong lĩnh vực Sản – Phụ khoa với nhiều đóng góp to lớn vào việc nâng cao chất lượng dịch vụ y tế và kết quả điều trị tại Bệnh viện Quốc tế Hạnh Phúc. Năm 2002, bác sĩ Ngọc Hải tốt nghiệp Bác sĩ Đa khoa tại Đại học Y Huế và có bằng Bác sĩ Chuyên khoa I về Sản – Phụ khoa tại Đại học Y Dược Thành phố Hồ Chí Minh vào năm 2009. Bác sĩ Ngọc Hải đã thực hiện hơn 10.000 ca mổ sanh và đỡ sanh, bao gồm cả các trường hợp phức tạp như vết mổ cũ, nhau tiền đạo, và thai kỳ nguy cơ cao, sở hữu thế mạnh về phẫu thuật nội soi, thực hiện thành công các ca phẫu thuật bóc u buồng trứng, u xơ tử cung, cắt tử cung và điều trị thai ngoài tử cung.","Năm 2002, bác sĩ Ngọc Hải tốt nghiệp Bác sĩ Đa khoa tại Đại học Y Huế và có bằng Bác sĩ Chuyên khoa I về Sản – Phụ khoa tại Đại học Y Dược Thành phố Hồ Chí Minh vào năm 2009. | Bác sĩ Hoàng Ngọc Hải là chuyên gia có hơn 23 năm kinh nghiệm trong lĩnh vực Sản – Phụ khoa với nhiều đóng góp to lớn vào việc nâng cao chất lượng dịch vụ y tế và kết quả điều trị tại Bệnh viện Quốc tế Hạnh Phúc. | Bác sĩ Ngọc Hải đã thực hiện hơn 10.000 ca mổ sanh và đỡ sanh, bao gồm cả các trường hợp phức tạp như vết mổ cũ, nhau tiền đạo, và thai kỳ nguy cơ cao, sở hữu thế mạnh về phẫu thuật nội soi, thực hiện thành công các ca phẫu thuật bóc u buồng trứng, u xơ tử cung, cắt tử cung và điều trị thai ngoài tử cung. | Đặc biệt, bác sĩ Hải còn phát hiện và điều trị sớm nhiều trường hợp tiền ung thư phụ khoa và ung thư cổ tử cung, giúp bệnh nhân tránh được các bệnh lý nguy hiểm.",https://www.hanhphuchospital.com/bac-si/bs-cki-hoang-ngoc-hai/
doctor_bs-nguyen-nhat-bao,BS. Nguyễn Nhật Bảo,Bác sĩ Nhi,"Bác sĩ từng tham gia nhiều khóa đào tạo chuyên sâu tại các bệnh viện đầu ngành như Bệnh viện Nhi Đồng 1 và Bệnh viện Chợ Rẫy, tập trung vào lĩnh vực hồi sức cấp cứu nhi, nội soi tiêu hóa nhi và an toàn tiêm chủng. Tốt nghiệp Đại học Y Phạm Ngọc Thạch, bác sĩ Nguyễn Nhật Bảo sớm định hướng theo đuổi chuyên ngành Nhi khoa, với niềm đam mê chăm sóc và điều trị sức khỏe trẻ em. Nội soi dạ dày và đại tràng ở nhi khoa nhằm phát hiện sớm các bệnh lý như viêm dạ dày, HP dạ dày, viêm đại tràng, polyp đại tràng,…","Tốt nghiệp Đại học Y Phạm Ngọc Thạch, bác sĩ Nguyễn Nhật Bảo sớm định hướng theo đuổi chuyên ngành Nhi khoa, với niềm đam mê chăm sóc và điều trị sức khỏe trẻ em. | Bác sĩ từng tham gia nhiều khóa đào tạo chuyên sâu tại các bệnh viện đầu ngành như Bệnh viện Nhi Đồng 1 và Bệnh viện Chợ Rẫy, tập trung vào lĩnh vực hồi sức cấp cứu nhi, nội soi tiêu hóa nhi và an toàn tiêm chủng. | Nội soi dạ dày và đại tràng ở nhi khoa nhằm phát hiện sớm các bệnh lý như viêm dạ dày, HP dạ dày, viêm đại tràng, polyp đại tràng,… | Trước khi công tác tại Bệnh viện Hạnh Phúc, bác sĩ Bảo từng làm việc tại Bệnh viện Sản Nhi tỉnh Đắk Lắk, đảm nhiệm điều trị nội khoa nhi và thực hiện nội soi tiêu hóa cho trẻ em. | Khám và điều trị bệnh lý nhi khoa | Khám sàng lọc trước tiêm ngừa",https://www.hanhphuchospital.com/bac-si/bs-nguyen-nhat-bao/
doctor_ts-bs-nguyen-nhat-nam,TS.BS. Nguyễn Nhật Nam,Bác sĩ Nội tiết,"Nguyễn Nhật Nam được biết đến là một bác sĩ uy tín trong lĩnh vực Nội tiết, đặc biệt là các bệnh lý nội tiết ở trẻ em, phụ nữ và người lớn với hơn 09 năm kinh nghiệm. Nguyễn Nhật Nam tốt nghiệp Bác sĩ Đa khoa tại Đại học Y Dược TP.HCM, sau đó hoàn thành chương trình Bác sĩ Nội trú chuyên ngành Nội tiết tại cùng trường và tốt nghiệp Tiến sĩ tại Đại học Y Đài Bắc, Đài Loan – top 500 trường đại học thế giới. Nguyễn Nhật Nam có thế mạnh nổi bật trong chẩn đoán và điều trị bệnh lý dậy thì sớm ở trẻ em, giúp trẻ bảo tồn được chiều cao lý tưởng khi trưởng thành, giảm nguy cơ các rối loạn chuyển hóa trong tương lai và hạn chế thay đổi về mặt tâm lý khi trẻ phải đối mặt với các triệu chứng dậy thì ở độ tuổi sớm hơn thông thường.","Nguyễn Nhật Nam được biết đến là một bác sĩ uy tín trong lĩnh vực Nội tiết, đặc biệt là các bệnh lý nội tiết ở trẻ em, phụ nữ và người lớn với hơn 09 năm kinh nghiệm. | Nguyễn Nhật Nam tốt nghiệp Bác sĩ Đa khoa tại Đại học Y Dược TP.HCM, sau đó hoàn thành chương trình Bác sĩ Nội trú chuyên ngành Nội tiết tại cùng trường và tốt nghiệp Tiến sĩ tại Đại học Y Đài Bắc, Đài Loan – top 500 trường đại học thế giới. | Trẻ em: Dậy thì sớm, chậm tăng trưởng, đái tháo đường, bệnh lý tuyến giáp…. | Người lớn: Đái tháo đường, bệnh lý tuyến giáp, tuyến yên, tuyến thượng thận. | Nguyễn Nhật Nam có thế mạnh nổi bật trong chẩn đoán và điều trị bệnh lý dậy thì sớm ở trẻ em, giúp trẻ bảo tồn được chiều cao lý tưởng khi trưởng thành, giảm nguy cơ các rối loạn chuyển hóa trong tương lai và hạn chế thay đổi về mặt tâm lý khi trẻ phải đối mặt với các triệu chứng dậy thì ở độ tuổi sớm hơn thông thường.",https://www.hanhphuchospital.com/bac-si/ts-bs-nguyen-nhat-nam/
doctor_bs-cki-le-anh-tai,BS.CKI. Lê Anh Tài,Bác sĩ Sản – Phụ khoa,"Với kinh nghiệm hơn 20 năm, bác sĩ Tài đã làm việc tại nhiều cơ sở y tế khác nhau trên toàn quốc, được đồng nghiệp và người bệnh đánh giá cao về chuyên môn sâu và cam kết cung cấp dịch vụ chăm sóc toàn diện. Bác sĩ Lê Anh Tài tốt nghiệp bác sĩ Đa khoa tại Đại học Y Dược Huế vào năm 2002 và có bằng Bác sĩ Chuyên khoa I về Sản – Phụ khoa tại Đại học Y Dược Thành phố Hồ Chí Minh vào năm 2008.","Với kinh nghiệm hơn 20 năm, bác sĩ Tài đã làm việc tại nhiều cơ sở y tế khác nhau trên toàn quốc, được đồng nghiệp và người bệnh đánh giá cao về chuyên môn sâu và cam kết cung cấp dịch vụ chăm sóc toàn diện. | Bác sĩ Lê Anh Tài tốt nghiệp bác sĩ Đa khoa tại Đại học Y Dược Huế vào năm 2002 và có bằng Bác sĩ Chuyên khoa I về Sản – Phụ khoa tại Đại học Y Dược Thành phố Hồ Chí Minh vào năm 2008.",https://www.hanhphuchospital.com/bac-si/bs-cki-le-anh-tai/
doctor_bs-cki-pham-thi-thanh-van,BS.CKI. Phạm Thị Thanh Vân,Bác sĩ Nhi sơ sinh,"Với hơn 17 năm kinh nghiệm chuyên sâu trong lĩnh vực Nhi khoa và Sơ sinh, bác sĩ Phạm Thị Thanh Vân là chuyên gia uy tín được các bậc phụ huynh tin tưởng lựa chọn để chăm sóc sức khỏe cho con em mình. Bác sĩ Phạm Thị Thanh Vân tốt nghiệp Bác sĩ Đa khoa tại Đại học Y khoa Phạm Ngọc Thạch vào năm 2005. Sau đó, tiếp tục theo học và hoàn thành chương trình đào tạo Bác sĩ Chuyên khoa I về Nhi khoa tại Đại học Y Dược Thành phố Hồ Chí Minh vào năm 2013.","Với hơn 17 năm kinh nghiệm chuyên sâu trong lĩnh vực Nhi khoa và Sơ sinh, bác sĩ Phạm Thị Thanh Vân là chuyên gia uy tín được các bậc phụ huynh tin tưởng lựa chọn để chăm sóc sức khỏe cho con em mình. | Bác sĩ Phạm Thị Thanh Vân tốt nghiệp Bác sĩ Đa khoa tại Đại học Y khoa Phạm Ngọc Thạch vào năm 2005. | Sau đó, tiếp tục theo học và hoàn thành chương trình đào tạo Bác sĩ Chuyên khoa I về Nhi khoa tại Đại học Y Dược Thành phố Hồ Chí Minh vào năm 2013.",https://www.hanhphuchospital.com/bac-si/bs-cki-pham-thi-thanh-van/
doctor_bs-cki-le-thi-anh,BS.CKI. Lê Thị Ánh,Bác sĩ Nhi khoa,"Bằng tình yêu nghề và lòng quý mến trẻ em, bác sĩ Ánh đã lựa chọn phát triển kinh nghiệm và năng lực chuyên sâu trong lĩnh vực Nhi khoa thông qua việc không ngừng nỗ lực nâng cao kiến thức chuyên môn, tích lũy kinh nghiệm làm việc, trau dồi y đức, hướng tới mục tiêu vì sức khỏe và chất lượng cuộc sống cho các bé. Bác sĩ Lê Thị Ánh tốt nghiệp Bác sĩ Đa khoa tại Đại học Y Dược Thái Bình vào năm 2011 và tiếp tục nhận bằng Bác sĩ Chuyên khoa I về Nhi khoa vào năm 2016 tại Đại học Y dược Thành phố Hồ Chí Minh.","Bác sĩ Lê Thị Ánh tốt nghiệp Bác sĩ Đa khoa tại Đại học Y Dược Thái Bình vào năm 2011 và tiếp tục nhận bằng Bác sĩ Chuyên khoa I về Nhi khoa vào năm 2016 tại Đại học Y dược Thành phố Hồ Chí Minh. | Bằng tình yêu nghề và lòng quý mến trẻ em, bác sĩ Ánh đã lựa chọn phát triển kinh nghiệm và năng lực chuyên sâu trong lĩnh vực Nhi khoa thông qua việc không ngừng nỗ lực nâng cao kiến thức chuyên môn, tích lũy kinh nghiệm làm việc, trau dồi y đức, hướng tới mục tiêu vì sức khỏe và chất lượng cuộc sống cho các bé.",https://www.hanhphuchospital.com/bac-si/bs-cki-le-thi-anh/
doctor_bs-cki-nguyen-thi-van-anh,BS.CKI. Nguyễn Thị Vân Anh,Bác sĩ Y học cổ truyền – Phục hồi chức năng,"Sau khi tốt nghiệp Học viện Y Dược Cổ Truyền Việt Nam, bác sĩ Vân Anh đã tiếp tục hoàn thành Chuyên khoa I – Y học Cổ truyền tại Đại học Y Hà Nội với định hướng chuyên sâu về phục hồi chức năng. Điều trị Nhi khoa: Bệnh về bàn chân (chân trước áp, chân khoèo nhẹ, chân vẹo gót, tật bàn chân bẹt…); Bệnh về cột sống; Tật vẹo cổ; PHCN vận động (bại não,chậm phát triển vận động, sau phẫu thuật gãy xương…). Thần kinh: Điều trị DC tai biến mạch máu não, liệt dây thần kinh số 7, đau sau zona, sụp mi mắt, các tổn thương đám rối thần kinh, đau đầu, mất ngủ, rối loạn tiền đình.","Sau khi tốt nghiệp Học viện Y Dược Cổ Truyền Việt Nam, bác sĩ Vân Anh đã tiếp tục hoàn thành Chuyên khoa I – Y học Cổ truyền tại Đại học Y Hà Nội với định hướng chuyên sâu về phục hồi chức năng. | Điều trị Nhi khoa: Bệnh về bàn chân (chân trước áp, chân khoèo nhẹ, chân vẹo gót, tật bàn chân bẹt…); Bệnh về cột sống; Tật vẹo cổ; PHCN vận động (bại não,chậm phát triển vận động, sau phẫu thuật gãy xương…) | Thần kinh: Điều trị DC tai biến mạch máu não, liệt dây thần kinh số 7, đau sau zona, sụp mi mắt, các tổn thương đám rối thần kinh, đau đầu, mất ngủ, rối loạn tiền đình. | Đau thần kinh tọa, điều trị đau mạn tính bằng phương pháp châm cứu, xoa bóp bấm huyệt, cấy chỉ kết hợp vật lý trị liệu hiện đại.. | Trước khi công tác tại Bệnh viện Đa khoa Quốc tế Hạnh Phúc, bác sĩ từng đảm nhiệm vị trí Trưởng khoa Y học Cổ truyền – Phục hồi chức năng tại Bệnh viện Hoàn Mỹ Bình Phước, trực tiếp tham gia điều trị và phục hồi vận động cho hàng trăm bệnh nhân mỗi năm. | Bác sĩ tin rằng phục hồi chức năng không đơn thuần giúp người bệnh “đi lại được” mà là giúp họ tìm lại niềm vui và tự tin trong cuộc sống hằng ngày. | Việc kết hợp điều trị y học cổ truyền và phục hồi chức năng sẽ giúp mang lại hiệu quả điều trị cao cho người bệnh",https://www.hanhphuchospital.com/bac-si/bs-cki-nguyen-thi-van-anh/
doctor_bs-cki-bui-long-than,BS.CKI. Bùi Long Thân,Bác sĩ Chẩn đoán Hình ảnh,"Với 23 năm kinh nghiệm trong lĩnh vực Chẩn đoán hình ảnh, Bác sĩ Bùi Long Thân được đánh giá cao về chuyên môn y tế và sự cam kết mang đến kết quả chẩn đoán chính xác, tin cậy, góp phần nâng cao hiệu quả điều trị cho người bệnh. Bác sĩ Bùi Long Thân tốt nghiệp bác sĩ Y Khoa tại Đại học Y khoa Huế vào năm 2000 và tiếp tục nhận bằng Bác sĩ Chuyên khoa I về Chẩn đoán hình ảnh tại Đại học Y Dược Thành phố Hồ Chí Minh năm 2008.","Với 23 năm kinh nghiệm trong lĩnh vực Chẩn đoán hình ảnh, Bác sĩ Bùi Long Thân được đánh giá cao về chuyên môn y tế và sự cam kết mang đến kết quả chẩn đoán chính xác, tin cậy, góp phần nâng cao hiệu quả điều trị cho người bệnh. | Bác sĩ Bùi Long Thân tốt nghiệp bác sĩ Y Khoa tại Đại học Y khoa Huế vào năm 2000 và tiếp tục nhận bằng Bác sĩ Chuyên khoa I về Chẩn đoán hình ảnh tại Đại học Y Dược Thành phố Hồ Chí Minh năm 2008.",https://www.hanhphuchospital.com/bac-si/bs-cki-bui-long-than/
doctor_bs-ckii-nguyen-thi-thu-thuy,BS.CKII. Nguyễn Thị Thu Thủy,Bác sĩ Tiêu hóa Nhi,"Nguyễn Thị Thu Thủy là chuyên gia về Nhi khoa, với hơn 20 kinh nghiệm trong lĩnh vực Tiêu hóa – Gan mật – Dinh dưỡng trẻ em, là bác sĩ chuyên khoa 2 đầu ngành về lĩnh vực nội soi tiêu hóa Nhi, là hội viên hội Nội soi Tiêu hóa Việt Nam. Khám và tư vấn chuyên sâu dinh dưỡng bệnh lý: Trẻ chậm tăng cân, trào ngược dạ dày thực quản, bệnh lý gan mật tụy, biếng ăn… Bác sĩ Thủy công tác tại khoa Tiêu hóa bệnh viện Nhi Đồng 2 ngay từ những ngày đầu tiên sau tốt nghiệp Bác sĩ Y khoa Đại học Y Dược TP.HCM năm 2001.","Nguyễn Thị Thu Thủy là chuyên gia về Nhi khoa, với hơn 20 kinh nghiệm trong lĩnh vực Tiêu hóa – Gan mật – Dinh dưỡng trẻ em, là bác sĩ chuyên khoa 2 đầu ngành về lĩnh vực nội soi tiêu hóa Nhi, là hội viên hội Nội soi Tiêu hóa Việt Nam. | Bác sĩ Thủy công tác tại khoa Tiêu hóa bệnh viện Nhi Đồng 2 ngay từ những ngày đầu tiên sau tốt nghiệp Bác sĩ Y khoa Đại học Y Dược TP.HCM năm 2001. | Bác sĩ luôn không ngừng học tập, nâng cao trình độ chuyên môn, khẳng định vị thế bác sĩ có trình độ chuyên môn giỏi với 2 tấm bằng tốt nghiệp bác sĩ Chuyên khoa I Nhi và Chuyên khoa II chuyên ngành Tiêu hóa Nhi đều xếp loại giỏi tại Đại học Y dược Thành phố Hồ Chí Minh. | Sau hơn 20 năm công tác, BS.CKII. | Nguyễn Thị Thu Thủy hiện là cánh chim đầu đàn cho nhiều thế hệ bác sĩ trẻ theo sau, tham gia công tác giảng dạy, hướng dẫn lâm sàng cho sinh viên, bác sĩ nội trú, bác sĩ chuyên khoa 1… | Của nhiều trường liên kết Trường – Viện và hiện tại là bác sĩ phó trưởng khoa, quyền quản lý khoa Tiêu hóa Bệnh viện Nhi Đồng 2. | Khám và tư vấn chuyên sâu dinh dưỡng bệnh lý: Trẻ chậm tăng cân, trào ngược dạ dày thực quản, bệnh lý gan mật tụy, biếng ăn… | Kết quả nong thực quản trên trẻ teo thực quản bẩm sinh đã phẫu thuật… | Khám tổng quát, tầm soát bệnh lý tiêu hóa trẻ em: Theo dõi tăng trưởng, tư vấn dinh dưỡng, tầm soát bệnh lý đường tiêu hóa | Kết quả điều trị xuất huyết tiêu hóa do vỡ dãn tĩnh mạch thực quản,",https://www.hanhphuchospital.com/bac-si/bs-ckii-nguyen-thi-thu-thuy/
doctor_bs-cki-truong-ngoc-tien,BS.CKI. Trương Ngọc Tiến,Bác sĩ Chẩn đoán Hình ảnh,"Với hơn 24 năm kinh nghiệm, Bác sĩ Trương Ngọc Tiến là chuyên gia uy tín được đồng nghiệp và người bệnh tin tưởng bởi chuyên môn sâu rộng trong lĩnh vực chẩn đoán hình ảnh. Bác sĩ Trương Ngọc Tiến tốt nghiệp Bác sĩ đa khoa tại Đại học Y khoa Phạm Ngọc Thạch năm 1997 và có bằng Bác sĩ Chuyên khoa I về Chẩn đoán hình ảnh tại Đại học Y Dược Thành phố Hồ Chí Minh.","Với hơn 24 năm kinh nghiệm, Bác sĩ Trương Ngọc Tiến là chuyên gia uy tín được đồng nghiệp và người bệnh tin tưởng bởi chuyên môn sâu rộng trong lĩnh vực chẩn đoán hình ảnh. | Bác sĩ Trương Ngọc Tiến tốt nghiệp Bác sĩ đa khoa tại Đại học Y khoa Phạm Ngọc Thạch năm 1997 và có bằng Bác sĩ Chuyên khoa I về Chẩn đoán hình ảnh tại Đại học Y Dược Thành phố Hồ Chí Minh.",https://www.hanhphuchospital.com/bac-si/bs-cki-truong-ngoc-tien/
doctor_bs-cki-ho-ngoc-khanh,BS.CKI. Hồ Ngọc Khanh,Bác sĩ Hỗ trợ Sinh sản,"Với hơn 12 năm kinh nghiệm lâm sàng trong lĩnh vực Sản – Phụ khoa, BS.CKI. Hồ Ngọc Khanh đã đồng hành cùng rất nhiều phụ nữ trong hành trình thai kỳ cũng như quá trình điều trị các bệnh lý phụ khoa, hiếm muộn, mang đến sự an tâm và niềm tin vững chắc cho mỗi chị em. Siêu âm sản phụ khoa: chẩn đoán các trường hợp phụ khoa phức tạp, siêu âm tiền sản, chẩn đoán sớm các bệnh lý bất thường thai nhi.","Với hơn 12 năm kinh nghiệm lâm sàng trong lĩnh vực Sản – Phụ khoa, BS.CKI. | Hồ Ngọc Khanh đã đồng hành cùng rất nhiều phụ nữ trong hành trình thai kỳ cũng như quá trình điều trị các bệnh lý phụ khoa, hiếm muộn, mang đến sự an tâm và niềm tin vững chắc cho mỗi chị em. | Siêu âm sản phụ khoa: chẩn đoán các trường hợp phụ khoa phức tạp, siêu âm tiền sản, chẩn đoán sớm các bệnh lý bất thường thai nhi. | Quản lý thai kỳ nguy cơ cao, đỡ sanh, phẫu thuật mổ lấy thai từ đơn giản đến phức tạp. | Điều trị các bệnh lý phụ khoa phức tạp: rong kinh, rong huyết, viêm nhiễm vùng âm đạo dai dẵng, cũng như bệnh lý tiền mãn kinh. | Phẫu thuật các bệnh lý phụ khoa bằng kỹ thuật cao như: phẫu thuật nội soi các khối u buồng trứng, u xơ tử cung, cắt tử cung, ngoài ra còn phẫu thuật thành thạo kỹ thuật nội soi buồng tử cung chẩn đoán và điều trị: như polyp buồng tử cung, u xơ buồng tử cung, dính buồng tử cung gây vô sinh. | Khám và điều trị hiếm muộn: từ theo dõi tự nhiên, cho đến bơm tinh trùng vào buồng tử cung và thực hiện các bước trong thụ tinh ống nghiệm. | Hồ Ngọc Khanh không chỉ nằm ở chuyên môn mà còn ở sự kiên nhẫn, tận tâm trong từng buổi tư vấn. | Bác sĩ luôn lắng nghe và đồng hành, để mỗi khách hàng đều cảm thấy an toàn và tự tin chăm sóc sức khỏe sinh sản, vững bước trên hành trình thiên chức làm mẹ.",https://www.hanhphuchospital.com/bac-si/bs-cki-ho-ngoc-khanh/
doctor_bs-ckii-nguyen-van-hanh,BS.CKII. Nguyễn Văn Hạnh,Trưởng khoa Gây mê hồi sức,"Với hơn 20 năm kinh nghiệm trong lĩnh vực Gây mê hồi sức, Bác sĩ Nguyễn Văn Hạnh luôn tận tâm mang đến chất lượng chăm sóc cao nhất và cải thiện sức khỏe, hạnh phúc của người bệnh. Bác sĩ Nguyễn Văn Hạnh tốt nghiệp Bác sĩ Đa khoa tại Đại học Y Tây Nguyên năm 2000 và tiếp tục nhận bằng Bác sĩ Chuyên khoa I và II về Gây mê hồi sức tại Đại học Y Dược Thành phố Hồ Chí Minh vào năm 2008 và 2017.","Với hơn 20 năm kinh nghiệm trong lĩnh vực Gây mê hồi sức, Bác sĩ Nguyễn Văn Hạnh luôn tận tâm mang đến chất lượng chăm sóc cao nhất và cải thiện sức khỏe, hạnh phúc của người bệnh. | Bác sĩ Nguyễn Văn Hạnh tốt nghiệp Bác sĩ Đa khoa tại Đại học Y Tây Nguyên năm 2000 và tiếp tục nhận bằng Bác sĩ Chuyên khoa I và II về Gây mê hồi sức tại Đại học Y Dược Thành phố Hồ Chí Minh vào năm 2008 và 2017.",https://www.hanhphuchospital.com/bac-si/bs-ckii-nguyen-van-hanh/
doctor_bs-cki-nguyen-thi-thuy-vy,BS.CKI. Nguyễn Thị Thuý Vy,Bác sĩ Nhi Khoa,"Với 9 năm kinh nghiệm trong lĩnh vực Nhi khoa, bác sĩ Nguyễn Thị Thúy Vy là chuyên gia uy tín được nhiều bậc phụ huynh tin tưởng. Bác sĩ Thúy Vy tốt nghiệp Bác sĩ Đa khoa tại Đại học Y Dược Thành phố Hồ Chí Minh vào năm 2015; sau đó, tiếp tục lấy bằng Chuyên khoa 1 và bằng Thạc sĩ Nhi khoa vào năm 2018. Bác sĩ Vy luôn nỗ lực trau dồi kiến thức chuyên môn bằng cách tham gia thường xuyên các khóa học về một loạt các chủ đề y tế quan trọng như nuôi con bằng sữa mẹ, an toàn tiêm chủng, truyền thông đạo đức y tế.","Với 9 năm kinh nghiệm trong lĩnh vực Nhi khoa, bác sĩ Nguyễn Thị Thúy Vy là chuyên gia uy tín được nhiều bậc phụ huynh tin tưởng. | Bác sĩ Vy luôn nỗ lực trau dồi kiến thức chuyên môn bằng cách tham gia thường xuyên các khóa học về một loạt các chủ đề y tế quan trọng như nuôi con bằng sữa mẹ, an toàn tiêm chủng, truyền thông đạo đức y tế. | Qua đó, bác sĩ Vy luôn cập nhật những kiến thức y khoa mới nhất để mang đến dịch vụ chăm sóc sức khỏe tốt nhất cho trẻ em. | Bác sĩ Thúy Vy tốt nghiệp Bác sĩ Đa khoa tại Đại học Y Dược Thành phố Hồ Chí Minh vào năm 2015; sau đó, tiếp tục lấy bằng Chuyên khoa 1 và bằng Thạc sĩ Nhi khoa vào năm 2018.",https://www.hanhphuchospital.com/bac-si/bs-cki-nguyen-thi-thuy-vy/
doctor_bs-cki-bui-thi-thanh-giang,BS.CKI Bùi Thị Thanh Giang,Bác sĩ điều trị khoa cấp cứu,"Bác sĩ Bùi Thị Thanh Giang tốt nghiệp Bác sĩ Chuyên khoa I tại Đại học Y Dược TP HCM vào năm 2017 với hơn 10 năm kinh nghiệm điều trị các trường hợp cấp cứu và được người bệnh cùng đồng nghiệp yêu quý bởi sự nhiệt tâm, nhiệt tình trong mọi hoạt động của bệnh viện và cộng đồng, được đánh giá cao bởi chuyên môn y khoa sâu rộng, không ngừng học hỏi và trau dồi kinh nghiệm qua các chương trình, hội thảo khoa học.","Bác sĩ Bùi Thị Thanh Giang tốt nghiệp Bác sĩ Chuyên khoa I tại Đại học Y Dược TP HCM vào năm 2017 với hơn 10 năm kinh nghiệm điều trị các trường hợp cấp cứu và được người bệnh cùng đồng nghiệp yêu quý bởi sự nhiệt tâm, nhiệt tình trong mọi hoạt động của bệnh viện và cộng đồng, được đánh giá cao bởi chuyên môn y khoa sâu rộng, không ngừng học hỏi và trau dồi kinh nghiệm qua các chương trình, hội thảo khoa học.",https://www.hanhphuchospital.com/bac-si/bs-cki-bui-thi-thanh-giang/
doctor_thac-sy-bac-sy-vo-thanh-lien-anh,ThS.BS. Võ Thanh Liên Anh,"Bác sĩ Trưởng Lâm sàng, Trung tâm Hỗ trợ Sinh sản","Bác sĩ Võ Thanh Liên Anh tốt nghiệp Bác sĩ Đa khoa vào năm 2000 và nhận bằng Thạc sĩ Y khoa vào năm 2008 tại Đại học Y Dược Thành phố Hồ Chí Minh. Với hơn 25 năm đồng hành cùng các cặp vợ chồng hiếm muộn trên hành trình tìm kiếm con yêu, bác sĩ Võ Thanh Liên Anh đã trở thành điểm tựa tin cậy cho nhiều gia đình trong lĩnh vực Hỗ trợ sinh sản (IVF). Với tinh thần không ngừng học hỏi và nâng cao kiến thức chuyên môn, Bác sĩ Liên Anh tích cực tham gia các hội nghị chuyên ngành và khóa đào tạo về Sản phụ khoa, Hỗ trợ sinh sản do các tổ chức y khoa uy tín như HOSREM, ASPIRE, ASRM và ESRHE tổ chức.","Với hơn 25 năm đồng hành cùng các cặp vợ chồng hiếm muộn trên hành trình tìm kiếm con yêu, bác sĩ Võ Thanh Liên Anh đã trở thành điểm tựa tin cậy cho nhiều gia đình trong lĩnh vực Hỗ trợ sinh sản (IVF). | Với tinh thần không ngừng học hỏi và nâng cao kiến thức chuyên môn, Bác sĩ Liên Anh tích cực tham gia các hội nghị chuyên ngành và khóa đào tạo về Sản phụ khoa, Hỗ trợ sinh sản do các tổ chức y khoa uy tín như HOSREM, ASPIRE, ASRM và ESRHE tổ chức. | Bác sĩ Võ Thanh Liên Anh tốt nghiệp Bác sĩ Đa khoa vào năm 2000 và nhận bằng Thạc sĩ Y khoa vào năm 2008 tại Đại học Y Dược Thành phố Hồ Chí Minh.",https://www.hanhphuchospital.com/bac-si/thac-sy-bac-sy-vo-thanh-lien-anh/
doctor_bs-le-van-duc,BS. Lê Văn Đức,Bác sĩ Sản – Phụ khoa,"Bác sĩ Lê Văn Đức, Cố vấn Cấp cao Sản – Phụ khoa tại Bệnh viện Đa khoa Quốc tế Hạnh Phúc, là một trong những chuyên gia đầu ngành với hơn 37 năm kinh nghiệm thực hành lâm sàng. Từ đôi tay đầy kinh nghiệm của bác sĩ Đức, biết bao em bé đã cất tiếng khóc chào đời khỏe mạnh, trong vòng tay yêu thương của gia đình. Đồng thời, bác sĩ Đức còn là giảng viên quốc gia của các chương trình “Làm mẹ an toàn” và “Nuôi con bằng sữa mẹ”, góp phần lan tỏa những giá trị chăm sóc thai sản tiên tiến.","Bác sĩ Lê Văn Đức, Cố vấn Cấp cao Sản – Phụ khoa tại Bệnh viện Đa khoa Quốc tế Hạnh Phúc, là một trong những chuyên gia đầu ngành với hơn 37 năm kinh nghiệm thực hành lâm sàng. | Đồng thời, bác sĩ Đức còn là giảng viên quốc gia của các chương trình “Làm mẹ an toàn” và “Nuôi con bằng sữa mẹ”, góp phần lan tỏa những giá trị chăm sóc thai sản tiên tiến. | Hơn 3 thập kỷ cống hiến cho nghề, bác sĩ Lê Văn Đức luôn kiên định với một sứ mệnh: đồng hành cùng mẹ bầu bằng sự thấu hiểu và tận tâm, để mỗi hành trình sinh nở diễn ra trọn vẹn cho cả mẹ và bé. | Với chuyên môn vững vàng cùng sự tinh tế, nhẹ nhàng trong từng ca sinh đỡ, bác sĩ Đức được các sản phụ trìu mến gọi là “bà đỡ mát tay”, là người được nhiều gia đình “chọn mặt gửi vàng”. | Cái tên “bác sĩ của những ngôi sao” ra đời khi ông đỡ sinh cho nhiều ca sĩ, diễn viên, người mẫu nổi tiếng trong làng giải trí Việt, trở thành người đồng hành đáng tin cậy của hàng ngàn gia đình. | Từ đôi tay đầy kinh nghiệm của bác sĩ Đức, biết bao em bé đã cất tiếng khóc chào đời khỏe mạnh, trong vòng tay yêu thương của gia đình. | Và đằng sau những khoảnh khắc thiêng liêng ấy là cả một hệ thống chăm sóc thai sản tận tâm, hiện đại tại Bệnh viện Đa khoa Quốc tế Hạnh Phúc – nơi bác sĩ Đức và đội ngũ y tế đồng hành cùng mẹ bầu từ những ngày đầu thai kỳ đến giây phút “vượt cạn” an toàn. | Trưởng khoa Sản Bệnh – Trưởng phòng chỉ đạo tuyến Bệnh viện Phụ sản Hùng Vương | Trưởng khoa Phụ Sản và Giám đốc Phòng khám Bệnh viện Quốc tế Hạnh Phúc từ 2010 – 2023",https://www.hanhphuchospital.com/bac-si/bs-le-van-duc/
doctor_ths-bs-ckii-huynh-thi-thu-thao,ThS.BS.CKII. Huỳnh Thị Thu Thảo,Giám đốc Trung Tâm Hỗ Trợ Sinh Sản,"Bác sĩ Huỳnh Thị Thu Thảo là chuyên gia với 28 năm kinh nghiệm trong lĩnh vực Hỗ trợ sinh sản, luôn nỗ lực cập nhật những kiến thức và kỹ thuật tiên tiến nhất trong ngành, từ đó mang đến dịch vụ chăm sóc y tế chất lượng cao cho người bệnh. Bác sĩ Huỳnh Thị Thu Thảo tốt nghiệp Đại học Y Dược Thành phố Hồ Chí Minh năm 1996 và có bằng Thạc sĩ Y khoa chuyên ngành Sản khoa vào năm 2001. Tiếp đó, bác sĩ Thảo nhận bằng Bác sĩ Chuyên khoa II về Sản phụ khoa tại Đại học Y khoa Phạm Ngọc Thạch năm 2020.","Bác sĩ Huỳnh Thị Thu Thảo là chuyên gia với 28 năm kinh nghiệm trong lĩnh vực Hỗ trợ sinh sản, luôn nỗ lực cập nhật những kiến thức và kỹ thuật tiên tiến nhất trong ngành, từ đó mang đến dịch vụ chăm sóc y tế chất lượng cao cho người bệnh. | Bác sĩ Huỳnh Thị Thu Thảo tốt nghiệp Đại học Y Dược Thành phố Hồ Chí Minh năm 1996 và có bằng Thạc sĩ Y khoa chuyên ngành Sản khoa vào năm 2001. | Tiếp đó, bác sĩ Thảo nhận bằng Bác sĩ Chuyên khoa II về Sản phụ khoa tại Đại học Y khoa Phạm Ngọc Thạch năm 2020.",https://www.hanhphuchospital.com/bac-si/ths-bs-ckii-huynh-thi-thu-thao/
doctor_ths-bs-phan-hoang-dang-khoa,ThS.BS. Phan Hoàng Đăng Khoa,"Phụ trách Phòng Kế hoạch tổng hợp, Bác sĩ Y học Cổ truyền","Phan Hoàng Đăng Khoa tốt nghiệp chuyên ngành Bác sĩ Y học Cổ truyền tại Đại học Y Dược TP. Hồ Chí Minh, thực hành và bồi dưỡng chuyên môn kỹ thuật khám chữa bệnh Y học Cổ truyền kết hợp Y học Hiện đại tại Bệnh viện Thống Nhất, hoàn thành chương trình Thạc sĩ Quản lý Bệnh viện tại Viện đào tạo bồi dưỡng cán bộ quản lý ngành Y tế – Trường Đại học Y tế công cộng.","Phan Hoàng Đăng Khoa tốt nghiệp chuyên ngành Bác sĩ Y học Cổ truyền tại Đại học Y Dược TP. | Hồ Chí Minh, thực hành và bồi dưỡng chuyên môn kỹ thuật khám chữa bệnh Y học Cổ truyền kết hợp Y học Hiện đại tại Bệnh viện Thống Nhất, hoàn thành chương trình Thạc sĩ Quản lý Bệnh viện tại Viện đào tạo bồi dưỡng cán bộ quản lý ngành Y tế – Trường Đại học Y tế công cộng.",https://www.hanhphuchospital.com/bac-si/ths-bs-phan-hoang-dang-khoa/
doctor_ths-bs-bui-thi-truc-my,ThS.BS. Bùi Thị Trúc My,Bác sĩ Chẩn đoán Hình ảnh,"Với hơn 10 năm kinh nghiệm trong lĩnh vực Chẩn đoán hình ảnh, Bác sĩ My luôn được nhiều bệnh nhân tin tưởng lựa chọn bởi chuyên môn sâu rộng, sự chuyên nghiệp trong công việc và tận tâm với nghề. Bác sĩ Bùi Thị Trúc My tốt nghiệp Bác sĩ đa khoa tại Đại học Y dược Cần Thơ năm 2014 và có bằng Thạc sĩ Chẩn đoán hình ảnh về Chẩn đoán hình ảnh tại Đại học Y Dược Thành phố Hồ Chí Minh.","Bác sĩ Bùi Thị Trúc My tốt nghiệp Bác sĩ đa khoa tại Đại học Y dược Cần Thơ năm 2014 và có bằng Thạc sĩ Chẩn đoán hình ảnh về Chẩn đoán hình ảnh tại Đại học Y Dược Thành phố Hồ Chí Minh. | Với hơn 10 năm kinh nghiệm trong lĩnh vực Chẩn đoán hình ảnh, Bác sĩ My luôn được nhiều bệnh nhân tin tưởng lựa chọn bởi chuyên môn sâu rộng, sự chuyên nghiệp trong công việc và tận tâm với nghề.",https://www.hanhphuchospital.com/bac-si/ths-bs-bui-thi-truc-my/
doctor_ths-bsnt-nguyen-thi-thien-an,ThS.BSNT. Nguyễn Thị Thiên An,Trưởng khoa Hồi sức sơ sinh,"Bác sĩ Nguyễn Thị Thiên An là chuyên gia với 20 năm kinh nghiệm trong lĩnh vực chăm sóc sơ sinh, đặc biệt là trẻ sinh non. Bác sĩ Thiên An tốt nghiệp Bác sĩ Đa khoa Đại học Y Dược Thành phố Hồ Chí Minh và Bác sĩ Y khoa thuộc Tổ chức Đại học Pháp ngữ (Agence Universitaire Francophonie – AUF) vào năm 2004. Năm 2007, bác sĩ Thiên An nhận bằng Chuyên Khoa Nhi I và bằng tốt nghiệp Bác sĩ Nội Trú tại Đại học Y Dược Thành phố Hồ Chí Minh.","Bác sĩ Nguyễn Thị Thiên An là chuyên gia với 20 năm kinh nghiệm trong lĩnh vực chăm sóc sơ sinh, đặc biệt là trẻ sinh non. | Bác sĩ Thiên An tốt nghiệp Bác sĩ Đa khoa Đại học Y Dược Thành phố Hồ Chí Minh và Bác sĩ Y khoa thuộc Tổ chức Đại học Pháp ngữ (Agence Universitaire Francophonie – AUF) vào năm 2004. | Năm 2007, bác sĩ Thiên An nhận bằng Chuyên Khoa Nhi I và bằng tốt nghiệp Bác sĩ Nội Trú tại Đại học Y Dược Thành phố Hồ Chí Minh.",https://www.hanhphuchospital.com/bac-si/ths-bsnt-nguyen-thi-thien-an/
doctor_bs-cki-nguyen-thi-trang-khanh-linh,BS.CKI. Nguyễn Thị Trang Khánh Linh,Bác sĩ Nhi sơ sinh – Hồi sức sơ sinh,"Với hơn 25 năm kinh nghiệm trong lĩnh vực Nhi khoa, đặc biệt là Hồi sức Sơ sinh, bác sĩ Nguyễn Thị Trang Khánh Linh được đánh giá cao về chuyên môn và sự tận tâm với bệnh nhi, không ngừng nỗ lực cải thiện sức khỏe và chất lượng cuộc sống cho các bé. Bác sĩ Nguyễn Thị Trang Khánh Linh tốt nghiệp Bác sĩ Đa khoa tại Đại học Y Dược Thành phố Hồ Chí Minh vào năm 1998 và tiếp tục nhận bằng Bác sĩ Chuyên khoa I về Nhi khoa vào năm 2010.","Với hơn 25 năm kinh nghiệm trong lĩnh vực Nhi khoa, đặc biệt là Hồi sức Sơ sinh, bác sĩ Nguyễn Thị Trang Khánh Linh được đánh giá cao về chuyên môn và sự tận tâm với bệnh nhi, không ngừng nỗ lực cải thiện sức khỏe và chất lượng cuộc sống cho các bé. | Bác sĩ Nguyễn Thị Trang Khánh Linh tốt nghiệp Bác sĩ Đa khoa tại Đại học Y Dược Thành phố Hồ Chí Minh vào năm 1998 và tiếp tục nhận bằng Bác sĩ Chuyên khoa I về Nhi khoa vào năm 2010.",https://www.hanhphuchospital.com/bac-si/bs-cki-nguyen-thi-trang-khanh-linh/
doctor_ths-bs-nguyen-ngoc-phuong-quynh,ThS.BSNT. Nguyễn Ngọc Phương Quỳnh,Bác sĩ khoa Tai – Mũi – Họng,"Bác sĩ Nguyễn Ngọc Phương Quỳnh là chuyên gia với 9 năm kinh nghiệm trong lĩnh vực Tai – Mũi – Họng và làm việc tại các bệnh viện uy tín như Bệnh viện Chợ Rẫy, Bệnh viện Tai – Mũi – Họng, Nhi Đồng 1 và Bệnh viện Nhân Dân Gia Định. Bác sĩ Nguyễn Ngọc Phương Quỳnh tốt nghiệp Bác sĩ Đa khoa tại Đại học Y Dược Thành phố Hồ Chí Minh vào năm 2015. Sau đó, tiếp tục theo học và tốt nghiệp Bác sĩ nội trú – Thạc Sĩ – Chuyên khoa I về Tai – Mũi – Họng tại Đại học Y Dược Thành phố Hồ Chí Minh năm 2018.","Bác sĩ Nguyễn Ngọc Phương Quỳnh là chuyên gia với 9 năm kinh nghiệm trong lĩnh vực Tai – Mũi – Họng và làm việc tại các bệnh viện uy tín như Bệnh viện Chợ Rẫy, Bệnh viện Tai – Mũi – Họng, Nhi Đồng 1 và Bệnh viện Nhân Dân Gia Định. | Bác sĩ Nguyễn Ngọc Phương Quỳnh tốt nghiệp Bác sĩ Đa khoa tại Đại học Y Dược Thành phố Hồ Chí Minh vào năm 2015. | Sau đó, tiếp tục theo học và tốt nghiệp Bác sĩ nội trú – Thạc Sĩ – Chuyên khoa I về Tai – Mũi – Họng tại Đại học Y Dược Thành phố Hồ Chí Minh năm 2018. | Bác sĩ thường xuyên tham gia nghiên cứu và có nhiều bài báo khoa học được đăng trên các tạp chí y khoa uy tín.",https://www.hanhphuchospital.com/bac-si/ths-bs-nguyen-ngoc-phuong-quynh/
doctor_ths-bs-tran-thi-trung-duc,ThS.BS. Trần Thị Trung Đức,Bác sĩ Da liễu thẩm mỹ,"Hội Laser Y học và Laser Ngoại Khoa TP HCM, ASLS, SAP, IDAX với các chủ đề chuyên sâu về trẻ hóa da và ứng dụng năng lượng cao trong thẩm mỹ nội khoa. Bác sĩ cũng hoàn thành nhiều khóa đào tạo chuyên sâu về Ứng dụng Laser và Ánh sáng trong Da liễu, Tiêm Botulinum toxin và Tiêm chất làm đầy trong Thẩm mỹ da. Điều trị toàn diện các bệnh lý da mạn tính: mụn trứng cá, viêm da cơ địa, nấm da, rối loạn sắc tố, sẹo mụn.","Điều trị toàn diện các bệnh lý da mạn tính: mụn trứng cá, viêm da cơ địa, nấm da, rối loạn sắc tố, sẹo mụn. | Thực hiện các liệu pháp trẻ hóa và phục hồi da không xâm lấn, giúp cải thiện làn da an toàn, hiệu quả và tự nhiên. | Hội Laser Y học và Laser Ngoại Khoa TP HCM, ASLS, SAP, IDAX với các chủ đề chuyên sâu về trẻ hóa da và ứng dụng năng lượng cao trong thẩm mỹ nội khoa. | Bên cạnh hoạt động lâm sàng, bác sĩ còn tích cực tham gia nghiên cứu khoa học, là chủ nhiệm đề tài về mụn trứng cá và sùi mào gà, đóng góp nhiều dữ liệu lâm sàng quan trọng cho ngành Da liễu Việt Nam. | Bác sĩ cũng hoàn thành nhiều khóa đào tạo chuyên sâu về Ứng dụng Laser và Ánh sáng trong Da liễu, Tiêm Botulinum toxin và Tiêm chất làm đầy trong Thẩm mỹ da. | Trần Thị Trung Đức là Thư ký Câu lạc bộ Bác sĩ Thẩm mỹ trẻ miền Nam và Hội viên Liên Chi Hội Da liễu Việt Nam, không ngừng lan tỏa tinh thần “thẩm mỹ an toàn – chuẩn y khoa – vì vẻ đẹp bền vững” đến cộng đồng. | Hội nghị Da liễu toàn quốc | Hội nghị Da liễu Miền Trung Tây Nguyên",https://www.hanhphuchospital.com/bac-si/ths-bs-tran-thi-trung-duc/
doctor_bs-cki-nguyen-trong-truong-thi,BS.CKI. Nguyễn Trọng Trường Thi,Bác sĩ Chấn thương chỉnh hình,"Với hơn 15 năm kinh nghiệm trong lĩnh vực Chấn thương chỉnh hình, Bác sĩ được nhiều bệnh nhân tin tưởng nhờ chuyên môn vững vàng, tác phong chuyên nghiệp và sự tận tâm trong quá trình điều trị và phục hồi vận động. Tư vấn và chỉ định điều trị chuyên sâu: Nội soi khớp, thay khớp, điều trị bảo tồn và phục hồi chức năng. Nguyễn Trọng Trường Thi tốt nghiệp Bác sĩ Đa khoa tại Đại học Tây Nguyên và hoàn thành chương trình Bác sĩ Chuyên khoa I Chấn thương chỉnh hình tại Đại học Y Dược Thành phố Hồ Chí Minh.","Nguyễn Trọng Trường Thi tốt nghiệp Bác sĩ Đa khoa tại Đại học Tây Nguyên và hoàn thành chương trình Bác sĩ Chuyên khoa I Chấn thương chỉnh hình tại Đại học Y Dược Thành phố Hồ Chí Minh. | Với hơn 15 năm kinh nghiệm trong lĩnh vực Chấn thương chỉnh hình, Bác sĩ được nhiều bệnh nhân tin tưởng nhờ chuyên môn vững vàng, tác phong chuyên nghiệp và sự tận tâm trong quá trình điều trị và phục hồi vận động. | Trong quá trình công tác, Bác sĩ từng làm việc tại Bệnh viện Đa khoa Đắk Lắk, Bệnh viện Đa khoa Mỹ Phước (Phó Trưởng khoa Chấn thương chỉnh hình) và Bệnh viện Đa khoa Phương Chi, trước khi gia nhập Bệnh viện Quốc tế Hạnh Phúc từ năm 2026. | Khám và tầm soát bệnh lý cơ xương khớp: Đánh giá chức năng vận động, tư thế và các vấn đề chấn thương chỉnh hình thường gặp. | Bệnh lý cơ xương khớp mạn tính, tái phát như: Thoái hóa khớp, đau khớp, đau cột sống cổ – thắt lưng, viêm quanh khớp. | Bệnh lý nội khớp và phần mềm quanh khớp như: Tổn thương dây chằng, sụn chêm, viêm gân, viêm bao hoạt dịch. | Tư vấn và chỉ định điều trị chuyên sâu: Nội soi khớp, thay khớp, điều trị bảo tồn và phục hồi chức năng. | Với chuyên môn vững vàng và tinh thần tận tâm, Bác sĩ luôn đồng hành cùng người bệnh trong suốt quá trình thăm khám và điều trị, mang đến sự an tâm và hiệu quả chăm sóc tối ưu. | Chuyên môn điều trị",https://www.hanhphuchospital.com/bac-si/bs-cki-nguyen-trong-truong-thi/
doctor_bs-cki-nguyen-thi-hong-van,BS.CKI. Nguyễn Thị Hồng Vân,Quyền trưởng khoa Khám bệnh kiêm phụ trách đơn vị Khám sức khỏe,"Hồ Chí Minh, bác sĩ Hồng Vân tiếp tục hoàn thành Chuyên khoa I – Nội Tổng quát tại cùng trường với định hướng chuyên sâu về tim mạch, hô hấp, tiêu hóa gan mật và cấp cứu hồi sức. Sau khi tốt nghiệp Bác sĩ Đa khoa tại Đại học Y Dược TP. Tiêu hóa – Gan mật: Điều trị Viêm gan B-C; Chẩn đoán & điều trị Áp xe gan; Tiếp cận đa chuyên khoa Tiêu hóa gan mật.","Nguyễn Thị Hồng Vân luôn hướng đến mục tiêu đồng hành cùng người bệnh trong hành trình bảo vệ và phục hồi sức khỏe toàn diện. | Sau khi tốt nghiệp Bác sĩ Đa khoa tại Đại học Y Dược TP. | Hồ Chí Minh, bác sĩ Hồng Vân tiếp tục hoàn thành Chuyên khoa I – Nội Tổng quát tại cùng trường với định hướng chuyên sâu về tim mạch, hô hấp, tiêu hóa gan mật và cấp cứu hồi sức. | Tim mạch & Cấp cứu: Siêu âm tim; Đọc điện tâm đồ; Hồi sức cấp cứu cơ bản & nâng cao; Cập nhật điều trị bệnh lý tim mạch. | Tiêu hóa – Gan mật: Điều trị Viêm gan B-C; Chẩn đoán & điều trị Áp xe gan; Tiếp cận đa chuyên khoa Tiêu hóa gan mật. | Nội khoa khác: Quản lý Hen phế quản; Bệnh lý Thận; Quản lý đau; Sử dụng kháng sinh hợp lý. | Bác sĩ tin rằng điều trị không đơn thuần giúp người bệnh “khỏi bệnh” mà là giúp họ tìm lại sức khỏe bền vững và chất lượng cuộc sống tốt nhất.",https://www.hanhphuchospital.com/bac-si/bs-cki-nguyen-thi-hong-van/
doctor_bs-cki-le-thi-thanh-tam,BS.CKI. Lê Thị Thanh Tâm,Bác sĩ Tâm thần,"Trong hành trình sự nghiệp, bác sĩ Thanh Tâm đã tích lũy kinh nghiệm lâm sàng phong phú tại các cơ sở y tế uy tín: Bệnh viện Tâm thần TP. Cần Thơ, Bệnh viện Tâm thần TP.HCM, Khoa Nội Thần kinh – Tâm thần Bệnh viện Nguyễn Tri Phương, Phòng khám chuyên sâu giấc ngủ – Tâm thần kinh HYPPO Clinic. Tốt nghiệp Bác sĩ Đa khoa từ Đại học Y Dược Cần Thơ (2018), bác sĩ Thanh Tâm tiếp tục hoàn thành Chứng chỉ Chuyên khoa Tâm thần và chương trình Bác sĩ Chuyên khoa I – Tâm thần tại Đại học Y Dược TP.","Tốt nghiệp Bác sĩ Đa khoa từ Đại học Y Dược Cần Thơ (2018), bác sĩ Thanh Tâm tiếp tục hoàn thành Chứng chỉ Chuyên khoa Tâm thần và chương trình Bác sĩ Chuyên khoa I – Tâm thần tại Đại học Y Dược TP. | Trong hành trình sự nghiệp, bác sĩ Thanh Tâm đã tích lũy kinh nghiệm lâm sàng phong phú tại các cơ sở y tế uy tín: Bệnh viện Tâm thần TP. | Cần Thơ, Bệnh viện Tâm thần TP.HCM, Khoa Nội Thần kinh – Tâm thần Bệnh viện Nguyễn Tri Phương, Phòng khám chuyên sâu giấc ngủ – Tâm thần kinh HYPPO Clinic. | Hiện tại, bác sĩ đang làm việc tại Bệnh viện Quốc tế Hạnh Phúc (2026) với vai trò Bác sĩ Tâm thần – Tâm lý, mang đến dịch vụ chăm sóc sức khỏe tâm thần chuẩn quốc tế. | Sự tận tụy và chuyên môn của bác sĩ đã được ngành y tế ghi nhận qua danh hiệu Chiến sĩ thi đua Sở Y tế TP.HCM (2024) và Chiến sĩ thi đua Sở Y tế TP.Cần Thơ (2020). | Phụ nữ: Rối loạn tâm thần thai kỳ & trầm cảm sau sinh. | Kỹ thuật điều trị tiên tiến: Ứng dụng thành thạo kích thích từ trường xuyên sọ (rTMS) – phương pháp điều trị không dùng thuốc, an toàn và hiệu quả cao cho trầm cảm, OCD và rối loạn giấc ngủ. | Bác sĩ tin rằng điều trị tâm thần không dừng lại ở việc “hết triệu chứng”, mà là một hành trình chữa lành, giúp mỗi người tìm lại sự cân bằng nội tâm để sống một cuộc đời trọn vẹn và hạnh phúc hơn.",https://www.hanhphuchospital.com/bac-si/bs-cki-le-thi-thanh-tam/
doctor_ths-bs-cai-thi-thuy-trang,ThS. BS. Cái Thị Thuỳ Trang,Bác sĩ Nhi Khoa,"Với 15 năm kinh nghiệm trong lĩnh vực Nhi khoa, bác sĩ Cái Thị Thùy Trang luôn tận tâm chăm sóc và mang đến chất lượng điều trị tốt nhất cho các bé. Bác sĩ Cái Thị Thùy Trang tốt nghiệp Bác sĩ Đa khoa tại Đại học Y Dược Huế năm 2009 và nhận bằng Thạc sĩ Nhi khoa tại đây vào năm 2012.","Với 15 năm kinh nghiệm trong lĩnh vực Nhi khoa, bác sĩ Cái Thị Thùy Trang luôn tận tâm chăm sóc và mang đến chất lượng điều trị tốt nhất cho các bé. | Bác sĩ Cái Thị Thùy Trang tốt nghiệp Bác sĩ Đa khoa tại Đại học Y Dược Huế năm 2009 và nhận bằng Thạc sĩ Nhi khoa tại đây vào năm 2012.",https://www.hanhphuchospital.com/bac-si/ths-bs-cai-thi-thuy-trang/
doctor_bs-ckii-vo-thi-cam-hien,BS.CKII. Võ Thị Cẩm Hiền,Bác sĩ Gây mê hồi sức,"Với 25 năm kinh nghiệm trong lĩnh vực Gây mê hồi sức, Bác sĩ Nguyễn Thị Cẩm Hiền luôn tận tâm vì sức khỏe của người bệnh và được đánh giá cao bởi chuyên môn y tế sâu rộng cùng niềm đam mê cập nhật kiến thức y khoa mới. Bác sĩ Võ Thị Cẩm Hiền tốt nghiệp Bác sĩ Đa khoa tại Đại học Y khoa Phạm Ngọc Thạch vào năm 1998 và tiếp tục nhận bằng Bác sĩ Chuyên khoa I và II về Gây mê hồi sức tại Đại học Y Dược Thành phố Hồ Chí Minh lần lượt vào năm 2008 và 2018.","Với 25 năm kinh nghiệm trong lĩnh vực Gây mê hồi sức, Bác sĩ Nguyễn Thị Cẩm Hiền luôn tận tâm vì sức khỏe của người bệnh và được đánh giá cao bởi chuyên môn y tế sâu rộng cùng niềm đam mê cập nhật kiến thức y khoa mới. | Bác sĩ Võ Thị Cẩm Hiền tốt nghiệp Bác sĩ Đa khoa tại Đại học Y khoa Phạm Ngọc Thạch vào năm 1998 và tiếp tục nhận bằng Bác sĩ Chuyên khoa I và II về Gây mê hồi sức tại Đại học Y Dược Thành phố Hồ Chí Minh lần lượt vào năm 2008 và 2018.",https://www.hanhphuchospital.com/bac-si/bs-ckii-vo-thi-cam-hien/
doctor_bs-hoang-vu-khanh-hai,ThS.BS. Hoàng Vũ Khánh Hải,Bác sĩ Gây mê hồi sức,"Bác sĩ Hoàng Vũ Khánh Hải tốt nghiệp Bác sĩ đa khoa tại Trường Đại học Y Dược Huế vào năm 2014, là bác sĩ gây mê, hồi sức và giảm đau với hơn 10 năm kinh nghiệm trong nghề. Bác sĩ Hải đã gây mê thành công, hỗ trợ kiểm soát các cơn đau trong quá trình sinh của nhiều sản phụ, giúp giảm đau an toàn cho nhiều người bệnh trong suốt thời gian làm việc của mình.","Bác sĩ Hoàng Vũ Khánh Hải tốt nghiệp Bác sĩ đa khoa tại Trường Đại học Y Dược Huế vào năm 2014, là bác sĩ gây mê, hồi sức và giảm đau với hơn 10 năm kinh nghiệm trong nghề. | Bác sĩ Hải đã gây mê thành công, hỗ trợ kiểm soát các cơn đau trong quá trình sinh của nhiều sản phụ, giúp giảm đau an toàn cho nhiều người bệnh trong suốt thời gian làm việc của mình.",https://www.hanhphuchospital.com/bac-si/bs-hoang-vu-khanh-hai/
doctor_ths-bscki-tran-tan-loc,ThS.BS.CKI. Trần Tấn Lộc,Bác sĩ Ngoại Nhi,"Điều trị các bệnh lý sơ sinh, ung bướu, chấn thương nhi khoa như: Nang ống mật chủ, thoát vị hoành, teo thực quản, tắc tá tràng, teo ruột non, ruột xoay bất toàn, thoát vị bẹn, nang thừng tinh,nang giáp lưỡi, tinh hoàn ẩn, hạch nách sau chích BCG. Hỗ trợ điều trị các trường hợp chấn thương, gãy xương, tổn thương mềm ở trẻ em. Với mong muốn nâng cao chất lượng y tế và mang đến những phương pháp điều trị tiên tiến nhất, bác sĩ luôn không ngừng học hỏi và chia sẻ kiến thức, góp phần vào sự phát triển của ngành Ngoại Nhi tại Việt Nam.","Điều trị các bệnh lý sơ sinh, ung bướu, chấn thương nhi khoa như: Nang ống mật chủ, thoát vị hoành, teo thực quản, tắc tá tràng, teo ruột non, ruột xoay bất toàn, thoát vị bẹn, nang thừng tinh,nang giáp lưỡi, tinh hoàn ẩn, hạch nách sau chích BCG | Hỗ trợ điều trị các trường hợp chấn thương, gãy xương, tổn thương mềm ở trẻ em. | Ngoài vai trò bác sĩ, bác sĩ còn là người thầy tận tụy, đóng góp cho nghiên cứu khoa học và đào tạo thế hệ trẻ. | Với mong muốn nâng cao chất lượng y tế và mang đến những phương pháp điều trị tiên tiến nhất, bác sĩ luôn không ngừng học hỏi và chia sẻ kiến thức, góp phần vào sự phát triển của ngành Ngoại Nhi tại Việt Nam.",https://www.hanhphuchospital.com/bac-si/ths-bscki-tran-tan-loc/
doctor_bs-ckii-nguyen-thanh-vinh,BS.CKII. Nguyễn Thanh Vinh,Bác sĩ Phẫu thuật tạo hình – Thẩm mỹ,"Với hơn 20 năm kinh nghiệm trong lĩnh vực Thẩm Mỹ, bác sĩ Nguyễn Thanh Vinh là một trong những chuyên gia uy tín, sở hữu tay nghề cao và chuyên môn tốt. Bác sĩ Vinh tốt nghiệp Bác sĩ Đa khoa tại Đại học Y Dược TP.HCM năm 2002 và có bằng Bác sĩ Chuyên khoa I về Ngoại khoa tại Đại học Y Hà Nội năm 2011, bằng Bác sĩ Chuyên khoa II về Ngoại khoa tại Đại học Y Hà Nội vào năm 2014. Bác sĩ Vinh không chỉ thực hiện thành công các kỹ thuật làm đẹp phức tạp mà còn được nhiều khách hàng tin tưởng lựa chọn khi thực hiện: tiêm filler theo kỹ thuật MD code mà không cần phẫu thuật căng da mặt; Đặt túi ngực với công nghệ 6.0 độc quyền: không đặt dẫn lưu, không cần cắt chỉ, không băng bó, không mặc áo định hình, không cần rửa vết thương và thay băng, không phải massage; Độc quyền công nghệ nâng mũi tái cấu trúc & sụn sườn tự thân kết hợp độn hố lê bằng sụn sườn mà không cần dẫn lưu hoặc dùng merocel trong mũi.","Với hơn 20 năm kinh nghiệm trong lĩnh vực Thẩm Mỹ, bác sĩ Nguyễn Thanh Vinh là một trong những chuyên gia uy tín, sở hữu tay nghề cao và chuyên môn tốt. | Bác sĩ Vinh không chỉ thực hiện thành công các kỹ thuật làm đẹp phức tạp mà còn được nhiều khách hàng tin tưởng lựa chọn khi thực hiện: tiêm filler theo kỹ thuật MD code mà không cần phẫu thuật căng da mặt; Đặt túi ngực với công nghệ 6.0 độc quyền: không đặt dẫn lưu, không cần cắt chỉ, không băng bó, không mặc áo định hình, không cần rửa vết thương và thay băng, không phải massage; Độc quyền công nghệ nâng mũi tái cấu trúc & sụn sườn tự thân kết hợp độn hố lê bằng sụn sườn mà không cần dẫn lưu hoặc dùng merocel trong mũi. | Bác sĩ Thanh Vinh đã và đang đồng hành cùng nhiều khách hàng quay trở lại với vẻ đẹp thời thanh xuân, trở về với gương mặt của chính mình từ 10 – 15 năm trước. | Bác sĩ Vinh tốt nghiệp Bác sĩ Đa khoa tại Đại học Y Dược TP.HCM năm 2002 và có bằng Bác sĩ Chuyên khoa I về Ngoại khoa tại Đại học Y Hà Nội năm 2011, bằng Bác sĩ Chuyên khoa II về Ngoại khoa tại Đại học Y Hà Nội vào năm 2014",https://www.hanhphuchospital.com/bac-si/bs-ckii-nguyen-thanh-vinh/
doctor_bs-cki-doan-kim-khue,BS.CKI. Đoàn Kim Khuê,Bác sĩ Nhi Khoa,"Bác sĩ Đoàn Kim Khuê có 18 năm kinh nghiệm trong việc chẩn đoán và điều trị các bệnh lý ở trẻ em và đã từng công tác tại nhiều bệnh viện uy tín trên cả nước. Với tinh thần học hỏi không ngừng, bác sĩ Khuê luôn tích cực tham gia các khóa học chuyên sâu để nâng cao kỹ năng và kiến thức chuyên môn. Bác sĩ Đoàn Kim Khuê tốt nghiệp Bác sĩ Đa khoa tại Trường Đại học Y Dược Thành phố Hồ Chí Minh vào năm 2006 và tiếp tục lấy bằng Bác sĩ Chuyên khoa I về Nhi khoa tại đây vào năm 2017.","Bác sĩ Đoàn Kim Khuê có 18 năm kinh nghiệm trong việc chẩn đoán và điều trị các bệnh lý ở trẻ em và đã từng công tác tại nhiều bệnh viện uy tín trên cả nước. | Với tinh thần học hỏi không ngừng, bác sĩ Khuê luôn tích cực tham gia các khóa học chuyên sâu để nâng cao kỹ năng và kiến thức chuyên môn. | Bác sĩ Đoàn Kim Khuê tốt nghiệp Bác sĩ Đa khoa tại Trường Đại học Y Dược Thành phố Hồ Chí Minh vào năm 2006 và tiếp tục lấy bằng Bác sĩ Chuyên khoa I về Nhi khoa tại đây vào năm 2017.",https://www.hanhphuchospital.com/bac-si/bs-cki-doan-kim-khue/
doctor_bs-cki-vo-nguyen-duy-hoa,BS.CKI. Võ Nguyễn Duy Hòa,Bác sĩ Ngoại tiết niệu – Nam khoa,"Không chỉ là một bác sĩ Ngoại Tiết Niệu – Nam khoa với gần một thập kỷ kinh nghiệm, BS.CKI. Sau khi tốt nghiệp Bác sĩ Đa khoa, bác sĩ tiếp tục hoàn thành Chuyên khoa I – Ngoại Tiết Niệu, không ngừng trau dồi kỹ năng và kiến thức chuyên sâu. Chẩn đoán và điều trị sỏi đường tiết niệu.","Không chỉ là một bác sĩ Ngoại Tiết Niệu – Nam khoa với gần một thập kỷ kinh nghiệm, BS.CKI. | Võ Nguyễn Duy Hòa còn được biết đến là một gương mặt bác sĩ trẻ giàu bản lĩnh, đã sớm định hình con đường y khoa của mình với nền tảng tri thức vững chắc từ Đại học Y Dược TP.HCM. | Sau khi tốt nghiệp Bác sĩ Đa khoa, bác sĩ tiếp tục hoàn thành Chuyên khoa I – Ngoại Tiết Niệu, không ngừng trau dồi kỹ năng và kiến thức chuyên sâu. | Chẩn đoán và điều trị sỏi đường tiết niệu. | Điều trị các bệnh lý tuyến tiền liệt, rối loạn cương, xuất tinh sớm… | Quản lý và điều trị các rối loạn tiểu tiện, viêm bàng quang, nhiễm khuẩn đường tiết niệu… | Phẫu thuật nam khoa: sinh thiết tinh hoàn, mào tinh hoàn, tinh hoàn ẩn, thoát vị bẹn, hẹp bao quy đầu… | Võ Nguyễn Duy Hòa còn luôn được bệnh nhân và đồng nghiệp đánh giá cao bởi sự tận tâm, phong thái gần gũi, nhẹ nhàng, giúp người bệnh cảm thấy an tâm và thoải mái trong suốt quá trình điều trị.",https://www.hanhphuchospital.com/bac-si/bs-cki-vo-nguyen-duy-hoa/
doctor_bs-cki-lam-thi-mai-lien,BS.CKI. Lâm Thị Mai Liên,Bác sĩ Nhi Khoa,"Hơn 23 kinh nghiệm trong lĩnh vực Nhi khoa và Dinh dưỡng, bác sĩ Lâm Thị Mai Liên đã trở thành chuyên gia uy tín sở hữu kiến thức chuyên môn sâu rộng cùng kỹ năng thực hành thành thạo, giúp chẩn đoán và điều trị hiệu quả các rối loạn nhi khoa và bệnh lý liên quan đến dinh dưỡng. Bác sĩ Lâm Thị Mai Liên tốt nghiệp tại Đại học Y Dược Thành phố Hồ Chí Minh năm 1996 và tiếp tục có bằng Bác sĩ Chuyên khoa I về Nhi khoa vào năm 1999. Với tinh thần học hỏi không ngừng, bác sĩ Mai Liên luôn cập nhật kiến thức y khoa mới nhất từ nhiều cơ sở và tổ chức y tế uy tín trong và ngoài nước.","Hơn 23 kinh nghiệm trong lĩnh vực Nhi khoa và Dinh dưỡng, bác sĩ Lâm Thị Mai Liên đã trở thành chuyên gia uy tín sở hữu kiến thức chuyên môn sâu rộng cùng kỹ năng thực hành thành thạo, giúp chẩn đoán và điều trị hiệu quả các rối loạn nhi khoa và bệnh lý liên quan đến dinh dưỡng. | Với tinh thần học hỏi không ngừng, bác sĩ Mai Liên luôn cập nhật kiến thức y khoa mới nhất từ nhiều cơ sở và tổ chức y tế uy tín trong và ngoài nước. | Bác sĩ Lâm Thị Mai Liên tốt nghiệp tại Đại học Y Dược Thành phố Hồ Chí Minh năm 1996 và tiếp tục có bằng Bác sĩ Chuyên khoa I về Nhi khoa vào năm 1999.",https://www.hanhphuchospital.com/bac-si/bs-cki-lam-thi-mai-lien/
doctor_bs-cki-cao-thanh-vinh,BS.CKI. Cao Thanh Vinh,Bác sĩ Nội tiêu hóa,"Cao Thanh Vinh đã sớm xác định hướng đi chuyên sâu trong lĩnh vực Nội Tiêu hóa, không ngừng trau dồi kiến thức và kinh nghiệm thực tiễn để mang đến hiệu quả điều trị tối ưu cho bệnh nhân. Không chỉ tích lũy kinh nghiệm qua quá trình công tác tại Bệnh viện Thành phố Thủ Đức, Bệnh viện Quốc tế Columbia Asia Gia Định, Bệnh viện Hoàn Mỹ Sài Gòn và Trung tâm Y khoa Hoàn Mỹ Tân Phú, bác sĩ còn chủ động trau dồi chuyên môn và xây dựng được nền tảng vững chắc về hồi sức nội khoa, tiêu hóa và nội soi can thiệp – những lĩnh vực đòi hỏi sự tỉ mỉ và chính xác cao. Tốt nghiệp Bác sĩ Đa khoa và hoàn thành Chuyên khoa I – Nội tổng quát tại Trường Đại học Y khoa Phạm Ngọc Thạch, BS.CKI.","Tốt nghiệp Bác sĩ Đa khoa và hoàn thành Chuyên khoa I – Nội tổng quát tại Trường Đại học Y khoa Phạm Ngọc Thạch, BS.CKI. | Cao Thanh Vinh đã sớm xác định hướng đi chuyên sâu trong lĩnh vực Nội Tiêu hóa, không ngừng trau dồi kiến thức và kinh nghiệm thực tiễn để mang đến hiệu quả điều trị tối ưu cho bệnh nhân. | Không chỉ tích lũy kinh nghiệm qua quá trình công tác tại Bệnh viện Thành phố Thủ Đức, Bệnh viện Quốc tế Columbia Asia Gia Định, Bệnh viện Hoàn Mỹ Sài Gòn và Trung tâm Y khoa Hoàn Mỹ Tân Phú, bác sĩ còn chủ động trau dồi chuyên môn và xây dựng được nền tảng vững chắc về hồi sức nội khoa, tiêu hóa và nội soi can thiệp – những lĩnh vực đòi hỏi sự tỉ mỉ và chính xác cao. | Cao Thanh Vinh luôn chú trọng kết hợp chuyên môn y học với sự đồng cảm trong giao tiếp, giúp người bệnh cảm thấy an tâm trong suốt quá trình điều trị. | Khám, chẩn đoán và điều trị các bệnh lý dạ dày – ruột, gan mật, tụy | Nội soi tiêu hóa chẩn đoán và can thiệp, tầm soát ung thư tiêu hóa | Điều trị và theo dõi bệnh nhân nội khoa, hồi sức tích cực",https://www.hanhphuchospital.com/bac-si/bs-cki-cao-thanh-vinh/
doctor_bs-cki-nguyen-van-nhan,BS.CKI. Nguyễn Văn Nhân,Bác sĩ Chẩn đoán Hình ảnh,Bác sĩ Nguyễn Văn Nhân có hơn 25 năm kinh nghiệm trong lĩnh vực chẩn đoán hình ảnh và được đánh giá cao bởi chuyên môn và sự tận tâm với sức khỏe người bệnh. Bác sĩ Nguyễn Văn Nhân tốt nghiệp Bác sĩ Y khoa tại Đại học Y Dược Huế vào năm 1999 và nhận bằng Bác sĩ Chuyên khoa I về Chẩn đoán hình ảnh tại Đại học Y Dược Thành phố Hồ Chí Minh vào năm 2008.,Bác sĩ Nguyễn Văn Nhân có hơn 25 năm kinh nghiệm trong lĩnh vực chẩn đoán hình ảnh và được đánh giá cao bởi chuyên môn và sự tận tâm với sức khỏe người bệnh. | Bác sĩ Nguyễn Văn Nhân tốt nghiệp Bác sĩ Y khoa tại Đại học Y Dược Huế vào năm 1999 và nhận bằng Bác sĩ Chuyên khoa I về Chẩn đoán hình ảnh tại Đại học Y Dược Thành phố Hồ Chí Minh vào năm 2008.,https://www.hanhphuchospital.com/bac-si/bs-cki-nguyen-van-nhan/
doctor_bs-cki-trinh-minh-duc,BS.CKI. Trịnh Minh Đức,Bác sĩ Gây mê hồi sức,"Với 18 năm kinh nghiệm trong lĩnh vực gây mê, hồi sức và giảm đau, đặc biệt là giảm đau sau phẫu thuật và giảm đau sản khoa, Bác sĩ Trịnh Minh Đức đã gây mê thành công, chăm sóc tích cực và kiểm soát cơn đau an toàn cho nhiều người bệnh trong suốt sự nghiệp của mình. Bác sĩ Trịnh Minh Đức cũng thường xuyên tham gia các khóa đào tạo và hội nghị chuyên sâu trong và ngoài nước để nâng cao kiến thức, cập nhật và áp dụng các phác đồ tiên tiến phù hợp. Bác sĩ Trịnh Minh Đức tốt nghiệp Bác sĩ đa khoa tại Trường Đại học Tây Nguyên vào năm 2002 và nhận bằng Bác sĩ Chuyên khoa I về Gây mê hồi sức tại Đại học Y Dược Thành phố Hồ Chí Minh năm 2008.","Với 18 năm kinh nghiệm trong lĩnh vực gây mê, hồi sức và giảm đau, đặc biệt là giảm đau sau phẫu thuật và giảm đau sản khoa, Bác sĩ Trịnh Minh Đức đã gây mê thành công, chăm sóc tích cực và kiểm soát cơn đau an toàn cho nhiều người bệnh trong suốt sự nghiệp của mình. | Bác sĩ Trịnh Minh Đức cũng thường xuyên tham gia các khóa đào tạo và hội nghị chuyên sâu trong và ngoài nước để nâng cao kiến thức, cập nhật và áp dụng các phác đồ tiên tiến phù hợp. | Bác sĩ Trịnh Minh Đức tốt nghiệp Bác sĩ đa khoa tại Trường Đại học Tây Nguyên vào năm 2002 và nhận bằng Bác sĩ Chuyên khoa I về Gây mê hồi sức tại Đại học Y Dược Thành phố Hồ Chí Minh năm 2008.",https://www.hanhphuchospital.com/bac-si/bs-cki-trinh-minh-duc/
doctor_bac-sy-ckii-tran-duc-tuan,BS.CKII. Trần Đức Tuấn,Phó khoa Sản – Phụ khoa,"Bác sĩ Trần Đức Tuấn là chuyên gia với hơn 20 năm kinh nghiệm trong lĩnh vực Sản – Phụ khoa và công tác tại nhiều cơ sở uy tín tại thành phố Hồ Chí Minh. Năm 2004, bác sĩ Đức Tuấn tốt nghiệp Bác sĩ Đa khoa tại Đại học Y Dược Huế và sở hữu bằng Bác sĩ Chuyên khoa I và II về Sản – Phụ khoa tại Đại học Y Dược Thành phố Hồ Chí Minh (2011) và Đại học Y Khoa Phạm Ngọc Thạch – Thành phố Hồ Chí Minh (2018). Bên cạnh đó, bác sĩ Tuấn còn là thành viên của Hội Sản – Phụ khoa Việt Nam; Hội Sản – Phụ khoa Thành phố Hồ Chí Minh với nhiều đóp góp cho các công trình nghiên cứu và bài báo khoa học trên các tạp chí y khoa.","Bác sĩ Trần Đức Tuấn là chuyên gia với hơn 20 năm kinh nghiệm trong lĩnh vực Sản – Phụ khoa và công tác tại nhiều cơ sở uy tín tại thành phố Hồ Chí Minh. | Bên cạnh đó, bác sĩ Tuấn còn là thành viên của Hội Sản – Phụ khoa Việt Nam; Hội Sản – Phụ khoa Thành phố Hồ Chí Minh với nhiều đóp góp cho các công trình nghiên cứu và bài báo khoa học trên các tạp chí y khoa. | Năm 2004, bác sĩ Đức Tuấn tốt nghiệp Bác sĩ Đa khoa tại Đại học Y Dược Huế và sở hữu bằng Bác sĩ Chuyên khoa I và II về Sản – Phụ khoa tại Đại học Y Dược Thành phố Hồ Chí Minh (2011) và Đại học Y Khoa Phạm Ngọc Thạch – Thành phố Hồ Chí Minh (2018).",https://www.hanhphuchospital.com/bac-si/bac-sy-ckii-tran-duc-tuan/
doctor_thac-si-bac-si-nguyen-thi-tuyet-anh,ThS.BS. Nguyễn Thị Tuyết Anh,Trưởng khoa Sản – Phụ khoa,"Thạc sĩ – Bác sĩ Nguyễn Thị Tuyết Anh là chuyên gia với hơn 20 năm kinh nghiệm trong lĩnh vực Sản – Phụ khoa, từng công tác tại nhiều cơ sở uy tín tại khu vực thành phố Hồ Chí Minh. Bác sĩ Tuyết Anh tốt nghiệp Bác sĩ Đa Khoa vào năm 1998 và có bằng Thạc sĩ chuyên ngành Sản phụ khoa tại Đại học Y Dược Thành phố Hồ Chí Minh vào năm 2006.","Thạc sĩ – Bác sĩ Nguyễn Thị Tuyết Anh là chuyên gia với hơn 20 năm kinh nghiệm trong lĩnh vực Sản – Phụ khoa, từng công tác tại nhiều cơ sở uy tín tại khu vực thành phố Hồ Chí Minh. | Bác sĩ Tuyết Anh tốt nghiệp Bác sĩ Đa Khoa vào năm 1998 và có bằng Thạc sĩ chuyên ngành Sản phụ khoa tại Đại học Y Dược Thành phố Hồ Chí Minh vào năm 2006.",https://www.hanhphuchospital.com/bac-si/thac-si-bac-si-nguyen-thi-tuyet-anh/
doctor_bs-cki-chu-minh-tuan,BS.CKI Chu Minh Tuấn,Trưởng khoa Ngoại tổng hợp,"Bác sĩ Chu Minh Tuấn là chuyên gia với hơn 10 năm kinh nghiệm trong lĩnh vực điều trị Ngoại khoa. Bác sĩ Tuấn tốt nghiệp Bác sĩ Đa khoa tại Đại học Y Dược Thành phố Hồ Chí Minh vào năm 2011. Sau đó, tiếp tục theo học và tốt nghiệp Bằng chuyên khoa cấp 1, Ngoại khoa, tại Đại học Y Dược Thành phố Hồ Chí Minh năm 2018, đồng thời bác Tuấn cũng không ngừng nâng cao chuyên môn khi xuyên tham gia các khóa đào tạo, hội thảo cập nhật kiến thức chuyên môn.","Bác sĩ Chu Minh Tuấn là chuyên gia với hơn 10 năm kinh nghiệm trong lĩnh vực điều trị Ngoại khoa. | Bác sĩ Tuấn cũng là một trong những bác sĩ được đánh giá cao về tay nghề, chuyên môn và sự tận tâm trong công tác điều trị, chăm sóc bệnh nhân, mang đến dịch vụ điều trị chất lượng cao và hiệu quả cho người bệnh. | Bác sĩ Tuấn tốt nghiệp Bác sĩ Đa khoa tại Đại học Y Dược Thành phố Hồ Chí Minh vào năm 2011. | Sau đó, tiếp tục theo học và tốt nghiệp Bằng chuyên khoa cấp 1, Ngoại khoa, tại Đại học Y Dược Thành phố Hồ Chí Minh năm 2018, đồng thời bác Tuấn cũng không ngừng nâng cao chuyên môn khi xuyên tham gia các khóa đào tạo, hội thảo cập nhật kiến thức chuyên môn.",https://www.hanhphuchospital.com/bac-si/bs-cki-chu-minh-tuan/
doctor_bs-cki-nguyen-ngoc-mai-huy,BS.CKI. Nguyễn Ngọc Mai Huy,Bác sĩ điều trị khoa cấp cứu,"Bác sĩ Nguyễn Ngọc Mai Huy là chuyên gia có 17 năm kinh nghiệm điều trị các trường hợp cấp cứu và được người bệnh cùng đồng nghiệp đánh giá cao bởi chuyên môn y khoa sâu rộng. Bác sĩ Nguyễn Ngọc Mai Huy tốt nghiệp Bác sĩ Đa khoa tại Đại học Y Dược Thành phố Hồ Chí Minh vào năm 2002 và nhận bằng Bác sĩ Chuyên khoa I về Nội tiết tại đây vào năm 2015. Hiện tại, Bác sĩ Nguyễn Ngọc Mai Huy là Phó Chủ tịch Hội đồng Khoa Cấp cứu và Chẩn đoán Hình ảnh 24 giờ tại Bệnh viện Quốc tế Hạnh Phúc.","Bác sĩ Nguyễn Ngọc Mai Huy là chuyên gia có 17 năm kinh nghiệm điều trị các trường hợp cấp cứu và được người bệnh cùng đồng nghiệp đánh giá cao bởi chuyên môn y khoa sâu rộng. | Hiện tại, Bác sĩ Nguyễn Ngọc Mai Huy là Phó Chủ tịch Hội đồng Khoa Cấp cứu và Chẩn đoán Hình ảnh 24 giờ tại Bệnh viện Quốc tế Hạnh Phúc. | Bác sĩ Nguyễn Ngọc Mai Huy tốt nghiệp Bác sĩ Đa khoa tại Đại học Y Dược Thành phố Hồ Chí Minh vào năm 2002 và nhận bằng Bác sĩ Chuyên khoa I về Nội tiết tại đây vào năm 2015.",https://www.hanhphuchospital.com/bac-si/bs-cki-nguyen-ngoc-mai-huy/
doctor_ts-bs-duong-phuoc-hung,TS.BS Dương Phước Hùng,Trưởng khoa Chẩn đoán hình ảnh,"Dương Phước Hùng là chuyên gia giàu kinh nghiệm trong lĩnh vực Chẩn đoán hình ảnh với hơn 30 năm gắn bó cùng ngành. Bên cạnh đó, bác sĩ còn sở hữu nhiều chứng chỉ chuyên sâu trong các kỹ thuật X – quang, Siêu âm, CT – Scanner and MRI, tạo nền tảng vững chắc cho việc triển khai các kỹ thuật chẩn đoán hình ảnh hiện đại trong thực hành lâm sàng. Chẩn đoán hình ảnh tổng quát và chuyên sâu trong các lĩnh vực nội khoa, ngoại khoa, sản phụ khoa, nhi khoa, mắt, tai mũi họng và răng hàm mặt bằng các kỹ thuật X – quang, siêu âm, CT – Scanner và MRI.","Dương Phước Hùng là chuyên gia giàu kinh nghiệm trong lĩnh vực Chẩn đoán hình ảnh với hơn 30 năm gắn bó cùng ngành. | Được đào tạo bài bản trong nước và quốc tế, bác sĩ luôn theo đuổi triết lý hành nghề dựa trên sự chính xác, khoa học và tinh thần trách nhiệm cao, xem mỗi kết quả chẩn đoán là nền tảng quan trọng giúp định hướng điều trị hiệu quả cho người bệnh. | Tốt nghiệp Bác sĩ đa khoa tại Đại học Y Dược – Đại học Huế giai đoạn 1987 – 1993, bác sĩ học tiếp chuyên khoa sơ bộ X – quang và Chuyên khoa sơ bộ Nội khoa, sau đó tiếp tục tu nghiệp tại Cộng hòa Pháp theo chương trình Bác sĩ nội trú F.F.I. | Chuyên ngành Chẩn đoán hình ảnh tại Bệnh viện – Đại học Dijon (1999 – 2000) và tu nghiệp chuyên ngành điện quang can thiệp tại Bệnh viện Winterthur – Thụy Sĩ (2002). | Không ngừng nâng cao năng lực chuyên môn, bác sĩ hoàn thành Thạc sĩ Y học chức năng (2003 – 2005), Bác sĩ Chuyên khoa I Chẩn đoán hình ảnh (2014 – 2016) và Tiến sĩ Y học chuyên ngành Điện quang và Y học hạt nhân (2017 – 2024) tại Đại học Y Dược – Đại học Huế. | Bên cạnh đó, bác sĩ còn sở hữu nhiều chứng chỉ chuyên sâu trong các kỹ thuật X – quang, Siêu âm, CT – Scanner and MRI, tạo nền tảng vững chắc cho việc triển khai các kỹ thuật chẩn đoán hình ảnh hiện đại trong thực hành lâm sàng. | Chẩn đoán hình ảnh tổng quát và chuyên sâu trong các lĩnh vực nội khoa, ngoại khoa, sản phụ khoa, nhi khoa, mắt, tai mũi họng và răng hàm mặt bằng các kỹ thuật X – quang, siêu âm, CT – Scanner và MRI | Trong suốt quá trình công tác, TS.BS. | Dương Phước Hùng đã đảm nhiệm nhiều vị trí chuyên môn quan trọng tại Bệnh viện Trung ương Huế, từ bác sĩ Khoa Chẩn đoán hình ảnh (1996 – 2008), đến Phó Trưởng khoa Chẩn đoán hình ảnh (2008 – 2009), và từ năm 2009 đến nay là Phó Trưởng khoa Chẩn đoán hình ảnh – Thăm dò chức năng tim mạch. | Hành trình phát triển sự nghiệp bền bỉ qua nhiều giai đoạn phát triển của ngành y đã giúp bác sĩ tích lũy kinh nghiệm sâu rộng trong chẩn đoán các bệnh lý toàn thân từ thường gặp đến phức tạp, đặc biệt trong lĩnh vực chẩn đoán hình ảnh tim mạch và ứng dụng kỹ thuật cao như CT-Scanner, MRI.",https://www.hanhphuchospital.com/bac-si/ts-bs-duong-phuoc-hung/
doctor_ths-bs-ho-thai-son,ThS.BS. Hồ Thái Sơn,Bác sĩ điều trị khoa cấp cứu,"Bác sĩ Hồ Thái Sơn là chuyên gia có hơn 15 năm kinh nghiệm trong lĩnh vực y khoa cấp cứu và luôn tâm huyết với việc cải thiện sức khỏe và hạnh phúc của người bệnh, từng công tác tại các cơ sở uy tín tại Thành phố Hồ Chí Minh. Bác sĩ Hồ Thái Sơn tốt nghiệp Bác sĩ Y khoa tại Đại học Y Dược Huế vào năm 2008 và có bằng Thạc sĩ Y khoa Nội tổng quát tại Đại học Y Dược Thành phố Hồ Chí Minh vào năm 2015.","Bác sĩ Hồ Thái Sơn là chuyên gia có hơn 15 năm kinh nghiệm trong lĩnh vực y khoa cấp cứu và luôn tâm huyết với việc cải thiện sức khỏe và hạnh phúc của người bệnh, từng công tác tại các cơ sở uy tín tại Thành phố Hồ Chí Minh. | Bác sĩ Hồ Thái Sơn tốt nghiệp Bác sĩ Y khoa tại Đại học Y Dược Huế vào năm 2008 và có bằng Thạc sĩ Y khoa Nội tổng quát tại Đại học Y Dược Thành phố Hồ Chí Minh vào năm 2015.",https://www.hanhphuchospital.com/bac-si/ths-bs-ho-thai-son/
doctor_bs-ta-thu-ha,BS. Tạ Thu Hà,Bác sĩ Răng – Hàm – Mặt,"Tạ Thu Hà là bác sĩ có hơn 10 năm kinh nghiệm trong lĩnh vực điều trị răng miệng tổng quát và phẫu thuật nha khoa. Tốt nghiệp chuyên ngành Răng – Hàm – Mặt tại Đại học Y Hà Nội, BS. Trong suốt hành trình hành nghề, bác sĩ không ngừng cập nhật các kỹ thuật hiện đại thông qua các chương trình đào tạo liên tục, đặc biệt trong phẫu thuật răng khôn mọc lệch ngầm bằng tay khoan và máy Piezotome, cũng như phẫu thuật điều trị bệnh và tạo hình thẩm mỹ nha chu.","Tốt nghiệp chuyên ngành Răng – Hàm – Mặt tại Đại học Y Hà Nội, BS. | Tạ Thu Hà là bác sĩ có hơn 10 năm kinh nghiệm trong lĩnh vực điều trị răng miệng tổng quát và phẫu thuật nha khoa. | Trong suốt hành trình hành nghề, bác sĩ không ngừng cập nhật các kỹ thuật hiện đại thông qua các chương trình đào tạo liên tục, đặc biệt trong phẫu thuật răng khôn mọc lệch ngầm bằng tay khoan và máy Piezotome, cũng như phẫu thuật điều trị bệnh và tạo hình thẩm mỹ nha chu. | Thu Hà từng công tác tại Nha khoa Phương (Hà Nội) và Phòng khám Đa khoa Hoàn Mỹ Sài Gòn – Chi nhánh Bệnh viện Đa khoa Hoàn Mỹ Sài Gòn, tích lũy nền tảng chuyên môn vững vàng trong thăm khám và điều trị toàn diện các bệnh lý răng miệng. | Thu Hà luôn đặt sự an toàn và trải nghiệm điều trị thoải mái lên hàng đầu. | Khám và điều trị các bệnh lý răng miệng tổng quát | Phẫu thuật nhổ răng khôn mọc lệch, mọc ngầm (ứng dụng tay khoan và máy Piezotome) | Phẫu thuật điều trị và tạo hình thẩm mỹ nha chu | Thực hiện các thủ thuật nha khoa tổng quát | Tư vấn và xây dựng phác đồ điều trị cá nhân hóa cho từng khách hàng",https://www.hanhphuchospital.com/bac-si/bs-ta-thu-ha/
doctor_bs-cki-nguyen-thi-huong-thu,BS.CKI. Nguyễn Thị Hương Thư,Bác sĩ Nhi Khoa,Bác sĩ Nguyễn Thị Hương Thư là chuyên gia có hơn 32 năm kinh nghiệm và luôn tận tâm vì sức khỏe trẻ em. Bác sĩ Nguyễn Thị Hương Thư tốt nghiệp Bác sĩ Đa khoa tại Đại học Y Dược Thành phố Hồ Chí Minh vào năm 1991 và có bằng Bác sĩ Chuyên khoa I về Nhi khoa vào năm 2000. Bác sĩ luôn nhận được sự tin tưởng cao từ người bệnh và đồng nghiệp.,Bác sĩ Nguyễn Thị Hương Thư tốt nghiệp Bác sĩ Đa khoa tại Đại học Y Dược Thành phố Hồ Chí Minh vào năm 1991 và có bằng Bác sĩ Chuyên khoa I về Nhi khoa vào năm 2000. | Bác sĩ Nguyễn Thị Hương Thư là chuyên gia có hơn 32 năm kinh nghiệm và luôn tận tâm vì sức khỏe trẻ em. | Bác sĩ luôn nhận được sự tin tưởng cao từ người bệnh và đồng nghiệp.,https://www.hanhphuchospital.com/bac-si/bs-cki-nguyen-thi-huong-thu/
doctor_ts-bs-vo-kim-cat-tuyen,TS.BS. Võ Kim Cát Tuyền,Bác sĩ Sản – Phụ khoa,"Với 12 năm kinh nghiệm cống hiến không ngừng, TS.BS. Võ Kim Cát Tuyền là một trong những chuyên gia hàng đầu trong lĩnh vực Sản – Phụ khoa và điều trị Hiếm muộn. Bác sĩ hiện đang là Giảng viên Đại học Y dược TP Hồ Chí Minh, công tác tại Bệnh viện Từ Dũ đồng thời cũng bắt đầu đảm nhận vai trò bác sĩ hợp tác, chuyên gia Sản – Phụ khoa – Hiếm muộn tại Bệnh viện Đa khoa Quốc tế Hạnh Phúc.","Với 12 năm kinh nghiệm cống hiến không ngừng, TS.BS. | Võ Kim Cát Tuyền là một trong những chuyên gia hàng đầu trong lĩnh vực Sản – Phụ khoa và điều trị Hiếm muộn. | Bác sĩ hiện đang là Giảng viên Đại học Y dược TP Hồ Chí Minh, công tác tại Bệnh viện Từ Dũ đồng thời cũng bắt đầu đảm nhận vai trò bác sĩ hợp tác, chuyên gia Sản – Phụ khoa – Hiếm muộn tại Bệnh viện Đa khoa Quốc tế Hạnh Phúc. | Điểm đặc biệt của bác sĩ chính là khả năng giao tiếp thành thạo ba ngôn ngữ: Việt – Anh – Nhật, tạo thuận lợi tối đa trong việc tư vấn và điều trị, đặc biệt phù hợp với môi trường bệnh viện quốc tế, mang lại sự thoải mái và tin cậy cho bệnh nhân trong suốt quá trình thăm khám. | Hiếm muộn và Hỗ trợ sinh sản (IVF): Sở hữu kinh nghiệm sâu rộng cùng 5 năm tu nghiệp tại các Trung tâm Hỗ trợ sinh sản hàng đầu Tokyo, Hiroshima (Nhật Bản). | Điều trị các bệnh lý phụ khoa phức tạp, thực hiện các ca phẫu thuật Sản – Phụ khoa với độ chính xác cao. | Quản lý và chăm sóc thai kỳ nguy cơ cao, bao gồm c ác trường hợp ngôi bất thường, nhau tiền đạo, vết mổ cũ, nhau cài răng lược… | Sở hữu nền tảng chuyên môn vững chắc, kinh nghiệm quốc tế phong phú và sự tận tâm với nghề, các chị em phụ nữ nói chung, các mẹ bầu và gia đình hiếm muộn nói riêng hoàn toàn có thể yên tâm, tin tưởng khi được TS.BS. | Võ Kim Cát Tuyền thăm khám, điều trị. | Mổ lấy thai an toàn đặc biệt với các sản phụ có bệnh lý phức tạp",https://www.hanhphuchospital.com/bac-si/ts-bs-vo-kim-cat-tuyen/
doctor_ths-bs-ho-thi-hoang-anh,ThS.BS. Hồ Thị Hoàng Anh,Bác sĩ Sản – Phụ khoa,"Bác sĩ Hoàng Anh tốt nghiệp Đại học Y Dược Huế vào năm 2003 với chuyên ngành Bác sĩ Đa khoa. Sau đó, bác sĩ Hoàng Anh tiếp tục theo học chuyên ngành nội trú tại Bệnh viện chuyên Sản – Phụ khoa, Đại học Y Dược Huế, Bệnh viện Trung Ương Huế và hoàn thành xuất sắc chương trình Thạc sĩ Y khoa Sản – Phụ khoa vào năm 2007. Nhờ chuyên môn y khoa vững vàng cùng cam kết trau dồi kiến thức và kỹ năng không ngừng, bác sĩ Hoàng Anh luôn mang đến cho bệnh nhân những kết quả điều trị tối ưu.","Với bề dày hơn 20 năm cống hiến trong lĩnh vực Sản – Phụ khoa, bác sĩ Hoàng Anh đã khẳng định được vị thế và nhận được sự tin tưởng cao từ đồng nghiệp và người bệnh. | Nhờ chuyên môn y khoa vững vàng cùng cam kết trau dồi kiến thức và kỹ năng không ngừng, bác sĩ Hoàng Anh luôn mang đến cho bệnh nhân những kết quả điều trị tối ưu. | Bác sĩ Hoàng Anh tốt nghiệp Đại học Y Dược Huế vào năm 2003 với chuyên ngành Bác sĩ Đa khoa. | Sau đó, bác sĩ Hoàng Anh tiếp tục theo học chuyên ngành nội trú tại Bệnh viện chuyên Sản – Phụ khoa, Đại học Y Dược Huế, Bệnh viện Trung Ương Huế và hoàn thành xuất sắc chương trình Thạc sĩ Y khoa Sản – Phụ khoa vào năm 2007.",https://www.hanhphuchospital.com/bac-si/ths-bs-ho-thi-hoang-anh/
doctor_bs-cki-ho-thi-thanh-phuong,BS.CKI. Hồ Thị Thanh Phương,Bác sĩ Nhi sơ sinh – Hồi sức sơ sinh,"Bác sĩ Hồ Thị Thanh Phương tốt nghiệp Bác sĩ Đa khoa tại Đại học Y Dược Thành phố Hồ Chí Minh vào năm 2000 và có bằng Bác sĩ Chuyên khoa I về Nhi khoa vào năm 2009. Với hơn 23 năm cống hiến trong lĩnh vực Nhi khoa và Sơ sinh, Bác sĩ Hồ Thị Thanh Phương được đánh cao về chuyên môn và sự tận tâm chăm sóc, điều trị và mang đến sức khỏe và hạnh phúc cho các bệnh nhi nhỏ tuổi.","Với hơn 23 năm cống hiến trong lĩnh vực Nhi khoa và Sơ sinh, Bác sĩ Hồ Thị Thanh Phương được đánh cao về chuyên môn và sự tận tâm chăm sóc, điều trị và mang đến sức khỏe và hạnh phúc cho các bệnh nhi nhỏ tuổi. | Bác sĩ Hồ Thị Thanh Phương tốt nghiệp Bác sĩ Đa khoa tại Đại học Y Dược Thành phố Hồ Chí Minh vào năm 2000 và có bằng Bác sĩ Chuyên khoa I về Nhi khoa vào năm 2009.",https://www.hanhphuchospital.com/bac-si/bs-cki-ho-thi-thanh-phuong/
doctor_bs-cki-le-quang-thanh,BS.CKI. Lê Quang Thạnh,Bác sĩ Chẩn đoán Hình ảnh,"Bác sĩ Lê Quang Thạnh là chuyên gia với 18 năm kinh nghiệm về lĩnh vực Chẩn đoán Hình ảnh, từng công tác tại nhiều cơ sở y tế uy tín, tận tâm hỗ trợ chẩn đoán chính xác, tin cậy, góp phần nâng cao hiệu quả điều trị. Bác sĩ Lê Quang Thạnh được đào tạo tại Trường Đại học Y Dược Thành phố Hồ Chí Minh vào năm 2006 và nhận bằng Thạc sĩ tại Học viện Quân Y vào năm 2018.","Bác sĩ Lê Quang Thạnh là chuyên gia với 18 năm kinh nghiệm về lĩnh vực Chẩn đoán Hình ảnh, từng công tác tại nhiều cơ sở y tế uy tín, tận tâm hỗ trợ chẩn đoán chính xác, tin cậy, góp phần nâng cao hiệu quả điều trị. | Bác sĩ Lê Quang Thạnh được đào tạo tại Trường Đại học Y Dược Thành phố Hồ Chí Minh vào năm 2006 và nhận bằng Thạc sĩ tại Học viện Quân Y vào năm 2018.",https://www.hanhphuchospital.com/bac-si/bs-cki-le-quang-thanh/
doctor_ths-bs-ckii-pham-cong-luan,ThS.BS.CKII. Phạm Công Luận,Giám đốc Y khoa kiêm Trưởng khoa Nhi,"Với sự kết hợp giữa chuyên môn sâu, kinh nghiệm thực tiễn và năng lực quản trị y tế, bác sĩ sẽ góp phần khẳng định vai trò tiên phong của Hạnh Phúc trong chăm sóc sức khỏe, đặc biệt ở lĩnh vực Nhi khoa – Sơ sinh, đồng thời nâng tầm chất lượng dịch vụ, đưa Hạnh Phúc trở thành điểm đến y tế tin cậy cho trẻ em và gia đình. Trong quá trình công tác, ThS.BS.CKII. Phạm Công Luận đã đảm nhiệm nhiều vị trí chuyên môn và quản lý quan trọng tại các bệnh viện lớn như: Bệnh viện Nhi Đồng 2, Bệnh viện FV, Bệnh viện AIH…","Phạm Công Luận là một trong những gương mặt tiêu biểu của thế hệ bác sĩ trẻ tài năng, được ghi nhận bởi chuyên môn xuất sắc trong lĩnh vực Nhi khoa – Sơ sinh, đồng thời có nhiều đóng góp nổi bật trong vai trò quản lý và lãnh đạo tại các bệnh viện quốc tế hàng đầu. | Trong quá trình công tác, ThS.BS.CKII. | Phạm Công Luận đã đảm nhiệm nhiều vị trí chuyên môn và quản lý quan trọng tại các bệnh viện lớn như: Bệnh viện Nhi Đồng 2, Bệnh viện FV, Bệnh viện AIH… | Phạm Công Luận chính thức giữ vị trí Giám đốc Y khoa kiêm Trưởng khoa Nhi tại Bệnh viện Đa khoa Quốc tế Hạnh Phúc. | Với sự kết hợp giữa chuyên môn sâu, kinh nghiệm thực tiễn và năng lực quản trị y tế, bác sĩ sẽ góp phần khẳng định vai trò tiên phong của Hạnh Phúc trong chăm sóc sức khỏe, đặc biệt ở lĩnh vực Nhi khoa – Sơ sinh, đồng thời nâng tầm chất lượng dịch vụ, đưa Hạnh Phúc trở thành điểm đến y tế tin cậy cho trẻ em và gia đình.",https://www.hanhphuchospital.com/bac-si/ths-bs-ckii-pham-cong-luan/
doctor_bs-cki-tieu-thanh-lieu,BS.CKI. Tiêu Thanh Liễu,Bác sĩ Nhi Khoa,"Bác sĩ Tiêu Thanh Liễu là chuyên gia với hơn 20 năm kinh nghiệm trong lĩnh vực Nhi khoa. Bác sĩ Tiêu Thanh Liễu tốt nghiệp Bác sĩ Đa khoa tại Đại học Y Dược Thành phố Hồ Chí Minh năm 2001 và có bằng Bác sĩ Chuyên khoa I về Nhi khoa vào năm 2010. Bên cạnh đó, bác sĩ Liễu cũng thường xuyên tham gia vào các chương trình đào tạo liên tục khác nhau và đạt được nhiều chứng chỉ Giáo dục Y khoa Thường xuyên (CME) từ trường Đại học Y Dược và Hội Nhi khoa Việt Nam.","Bác sĩ Tiêu Thanh Liễu là chuyên gia với hơn 20 năm kinh nghiệm trong lĩnh vực Nhi khoa. | Bác sĩ Tiêu Thanh Liễu tốt nghiệp Bác sĩ Đa khoa tại Đại học Y Dược Thành phố Hồ Chí Minh năm 2001 và có bằng Bác sĩ Chuyên khoa I về Nhi khoa vào năm 2010. | Bên cạnh đó, bác sĩ Liễu cũng thường xuyên tham gia vào các chương trình đào tạo liên tục khác nhau và đạt được nhiều chứng chỉ Giáo dục Y khoa Thường xuyên (CME) từ trường Đại học Y Dược và Hội Nhi khoa Việt Nam.",https://www.hanhphuchospital.com/bac-si/bs-cki-tieu-thanh-lieu/
doctor_bs-cki-hoang-thien-ly,BS.CKI. Hoàng Thiên Lý,Bác sĩ khoa Tai – Mũi – Họng,"Với 7 năm kinh nghiệm trong lĩnh vực Tai – Mũi – Họng, bác sĩ Hoàng Thiên Lý là chuyên gia được đánh giá cao về chuyên môn và sự tận tụy trong việc mang đến dịch vụ chất lượng cao cho người bệnh. Bác sĩ Hoàng Thiên Lý tốt nghiệp Bác sĩ Đa khoa tại Đại học Tây Nguyên vào năm 2017 và có bằng Bác sĩ Chuyên khoa I về Tai – Mũi – Họng tại Đại học Y khoa Phạm Ngọc Thạch Thành phố Hồ Chí Minh vào năm 2022. Hiện tại, Bác sĩ Hoàng Thiên Lý là thành viên của Hội Tai – Mũi – Họng Thành phố Hồ Chí Minh và Hội Thính học Thành phố Hồ Chí Minh từ năm 2018.","Với 7 năm kinh nghiệm trong lĩnh vực Tai – Mũi – Họng, bác sĩ Hoàng Thiên Lý là chuyên gia được đánh giá cao về chuyên môn và sự tận tụy trong việc mang đến dịch vụ chất lượng cao cho người bệnh. | Hiện tại, Bác sĩ Hoàng Thiên Lý là thành viên của Hội Tai – Mũi – Họng Thành phố Hồ Chí Minh và Hội Thính học Thành phố Hồ Chí Minh từ năm 2018. | Bác sĩ Hoàng Thiên Lý tốt nghiệp Bác sĩ Đa khoa tại Đại học Tây Nguyên vào năm 2017 và có bằng Bác sĩ Chuyên khoa I về Tai – Mũi – Họng tại Đại học Y khoa Phạm Ngọc Thạch Thành phố Hồ Chí Minh vào năm 2022.",https://www.hanhphuchospital.com/bac-si/bs-cki-hoang-thien-ly/
doctor_ths-bs-nguyen-thi-ai-xuan,ThS.BS. Nguyễn Thị Ái Xuân,Bác sĩ Nhi sơ sinh,"Với 20 năm kinh nghiệm dày dặn trong lĩnh vực chăm sóc và điều trị cho trẻ sơ sinh, đặc biệt là trẻ sinh non, bác sĩ Nguyễn Thị Ái Xuân là chuyên gia uy tín được các bậc phụ huynh tin tưởng lựa chọn để bảo vệ sức khỏe cho những thiên thần bé nhỏ của mình. Bác sĩ Nguyễn Thị Ái Xuân tốt nghiệp Đại học Y khoa Phạm Ngọc Thạch vào năm 2004 với chuyên ngành Y khoa. Sau đó, tiếp tục theo học và hoàn thành chương trình đào tạo Thạc sĩ Nhi khoa tại Đại học Y Dược Thành phố Hồ Chí Minh vào năm 2012.","Với 20 năm kinh nghiệm dày dặn trong lĩnh vực chăm sóc và điều trị cho trẻ sơ sinh, đặc biệt là trẻ sinh non, bác sĩ Nguyễn Thị Ái Xuân là chuyên gia uy tín được các bậc phụ huynh tin tưởng lựa chọn để bảo vệ sức khỏe cho những thiên thần bé nhỏ của mình. | Bác sĩ Nguyễn Thị Ái Xuân tốt nghiệp Đại học Y khoa Phạm Ngọc Thạch vào năm 2004 với chuyên ngành Y khoa. | Sau đó, tiếp tục theo học và hoàn thành chương trình đào tạo Thạc sĩ Nhi khoa tại Đại học Y Dược Thành phố Hồ Chí Minh vào năm 2012.",https://www.hanhphuchospital.com/bac-si/ths-bs-nguyen-thi-ai-xuan/
doctor_bs-tran-kim-duong,BS. Trần Kim Dương,Bác sĩ hiếm muộn & hỗ trợ sinh sản,"Bác sĩ Trần Kim Dương tốt nghiệp bác sĩ đa khoa tại Học viện Quân Y năm 2013 và hơn 11 năm kinh nghiệm trong lĩnh vực hiếm muộn, hỗ trợ sinh sản. Bằng sự chuyên nghiệp trong công tác điều trị, sự cảm thông, thấu hiểu trong quá trình tương tác, hỗ trợ bệnh nhân, bác sĩ Dương đã góp phần hiện thực hóa ước mơ làm cha mẹ của nhiều cặp vợ chồng hiếm muộn hoàn thiện mảnh ghép hạnh phúc cho nhiều gia đình.","Bác sĩ Trần Kim Dương tốt nghiệp bác sĩ đa khoa tại Học viện Quân Y năm 2013 và hơn 11 năm kinh nghiệm trong lĩnh vực hiếm muộn, hỗ trợ sinh sản. | Bằng sự chuyên nghiệp trong công tác điều trị, sự cảm thông, thấu hiểu trong quá trình tương tác, hỗ trợ bệnh nhân, bác sĩ Dương đã góp phần hiện thực hóa ước mơ làm cha mẹ của nhiều cặp vợ chồng hiếm muộn hoàn thiện mảnh ghép hạnh phúc cho nhiều gia đình.",https://www.hanhphuchospital.com/bac-si/bs-tran-kim-duong/
doctor_bac-sy-ckii-nguyen-huu-thuan,BS.CKII. Nguyễn Hữu Thuận,Bác sĩ Sản – Phụ khoa,"Bằng kinh nghiệm dày dặn, chuyên môn cao, Bác sĩ Thuận đã tiếp nhận và điều trị thành công chỉ trong 03 ngày, giúp bệnh nhân mau chóng hồi phục và xuất viện. Với tỉ lệ điều trị thành công cao. BS.CKII Nguyễn Hữu Thuận cũng chính là người đầu tiên phẫu thuật nội soi ổ bụng tại Bệnh viện Quốc tế Hạnh Phúc cho bệnh thai ngoài tử cung vỡ nặng có rối loạn huyết động học.","Với tỉ lệ điều trị thành công cao. | BS.CKII Nguyễn Hữu Thuận cũng chính là người đầu tiên phẫu thuật nội soi ổ bụng tại Bệnh viện Quốc tế Hạnh Phúc cho bệnh thai ngoài tử cung vỡ nặng có rối loạn huyết động học. | Bằng kinh nghiệm dày dặn, chuyên môn cao, Bác sĩ Thuận đã tiếp nhận và điều trị thành công chỉ trong 03 ngày, giúp bệnh nhân mau chóng hồi phục và xuất viện. | Không ngừng nỗ lực nâng cao tay nghề và cải thiện chất lượng chăm sóc, điều trị, phẫu thuật, BS.CKII Nguyễn Hữu Thuận thường xuyên tham gia các khóa học và hội thảo khoa học. | Là người kết nối và phát triển các mối quan hệ hợp tác giữa các khoa tại các bệnh viện để đưa ra chẩn đoán chính xác cho từng trường hợp.",https://www.hanhphuchospital.com/bac-si/bac-sy-ckii-nguyen-huu-thuan/
doctor_bs-ckii-duong-thanh-hien,BS.CKII. Dương Thanh Hiền,Bác sĩ Sản – Phụ khoa,"Dương Thanh Hiền là chuyên gia Sản – Phụ khoa đã có hơn 33 năm kinh nghiệm trong lĩnh vực chăm sóc sức khỏe phụ nữ. Tốt nghiệp Bác sĩ Đa khoa tại Đại học Y Dược Thành phố Hồ Chí Minh năm 1992, bác sĩ Hiền tiếp tục nâng cao năng lực chuyên môn khi tốt nghiệp bác sĩ chuyên khoa cấp 2 Sản – Phụ khoa tại cùng trường. Điều trị các bệnh lý phụ khoa phức tạp.","Dương Thanh Hiền là chuyên gia Sản – Phụ khoa đã có hơn 33 năm kinh nghiệm trong lĩnh vực chăm sóc sức khỏe phụ nữ. | Tốt nghiệp Bác sĩ Đa khoa tại Đại học Y Dược Thành phố Hồ Chí Minh năm 1992, bác sĩ Hiền tiếp tục nâng cao năng lực chuyên môn khi tốt nghiệp bác sĩ chuyên khoa cấp 2 Sản – Phụ khoa tại cùng trường. | Quản lý và theo dõi thai kỳ nguy cơ cao như ngôi bất thường, nhau tiền đạo, rau cài răng lược, vết mổ cũ… | Bên cạnh đó, BS.CKII Dương Thanh Hiền còn tham gia nghiên cứu khoa học, chia sẻ kiến thức chuyên môn tại các hội nghị y khoa và đóng góp vào sự phát triển của ngành Sản – Phụ khoa tại Việt Nam. | Bác sĩ cũng là thành viên tích cực của các Hiệp hội Sản – Phụ khoa trong nước, góp phần xây dựng mạng lưới hợp tác chuyên môn rộng khắp nhằm nâng cao chất lượng dịch vụ y tế cho phụ nữ Việt Nam. | Điều trị các bệnh lý phụ khoa phức tạp | Mổ lấy thai an toàn, đặc biệt trong các trường hợp thai phụ có bệnh lý phức tạp",https://www.hanhphuchospital.com/bac-si/bs-ckii-duong-thanh-hien/
doctor_bs-cki-nguyen-thi-ngoc-thinh,BS.CKI. Nguyễn Thị Ngọc Thịnh,Bác sĩ Sản – Phụ khoa,"Bác sĩ Nguyễn Thị Ngọc Thịnh là chuyên với 20 năm kinh nghiệm trong lĩnh vực Sản – Phụ khoa, trong đó có hơn 10 năm công tác tại Bệnh viện Phụ sản Quốc tế Sài Gòn. Bác sĩ Ngọc Thịnh tốt nghiệp Bác sĩ Đa khoa tại Đại học Y Dược Thành phố Hồ Chí Minh năm 2004 và tốt nghiệp Bác sĩ Chuyên khoa I về Sản – Phụ khoa năm 2016 tại đây.","Bác sĩ Nguyễn Thị Ngọc Thịnh là chuyên với 20 năm kinh nghiệm trong lĩnh vực Sản – Phụ khoa, trong đó có hơn 10 năm công tác tại Bệnh viện Phụ sản Quốc tế Sài Gòn. | Bác sĩ Ngọc Thịnh tốt nghiệp Bác sĩ Đa khoa tại Đại học Y Dược Thành phố Hồ Chí Minh năm 2004 và tốt nghiệp Bác sĩ Chuyên khoa I về Sản – Phụ khoa năm 2016 tại đây.",https://www.hanhphuchospital.com/bac-si/bs-cki-nguyen-thi-ngoc-thinh/
doctor_ths-bs-cki-nguyen-thi-ngoc-huong,ThS.BS.CKI. Nguyễn Thị Ngọc Hường,Bác sĩ Nhi Khoa,"Hơn 18 năm kinh nghiệm trong chẩn đoán và điều trị các rối loạn ở trẻ em, đặc biệt là Thần kinh Nhi khoa, bác sĩ Nguyễn Thị Ngọc Hường được đánh giá cao về chuyên môn và phương pháp điều trị hiệu quả cùng tinh thần tận tâm, lấy người bệnh làm trung tâm. Bác sĩ Ngọc Hường tốt nghiệp Đại học Y Khoa Phạm Ngọc Thạch năm 2005 và có bằng Bác sĩ Chuyên khoa I về Thần kinh Nhi khoa tại Đại học Y Dược Thành phố Hồ Chí Minh năm 2012. Tiếp đó, bác sĩ tốt nghiệp Vrije Universiteit Brussel ở Bỉ với bằng Thạc sĩ Sinh học phân tử năm 2014.","Hơn 18 năm kinh nghiệm trong chẩn đoán và điều trị các rối loạn ở trẻ em, đặc biệt là Thần kinh Nhi khoa, bác sĩ Nguyễn Thị Ngọc Hường được đánh giá cao về chuyên môn và phương pháp điều trị hiệu quả cùng tinh thần tận tâm, lấy người bệnh làm trung tâm. | Bác sĩ thông thạo tiếng Việt, tiếng Anh và tiếng Pháp | Bác sĩ Ngọc Hường tốt nghiệp Đại học Y Khoa Phạm Ngọc Thạch năm 2005 và có bằng Bác sĩ Chuyên khoa I về Thần kinh Nhi khoa tại Đại học Y Dược Thành phố Hồ Chí Minh năm 2012. | Tiếp đó, bác sĩ tốt nghiệp Vrije Universiteit Brussel ở Bỉ với bằng Thạc sĩ Sinh học phân tử năm 2014.",https://www.hanhphuchospital.com/bac-si/ths-bs-cki-nguyen-thi-ngoc-huong/
